plate_number,violation_type,amount,status
53-6384,عدم ارتداء حزام الأمان,20 JD,Unpaid
69-1762,استخدام الهاتف,15 JD,Unpaid
90-5090,سرعة زائدة,30 JD,Paid
23-7054,عدم ارتداء حزام الأمان,20 JD,Paid
34-1387,اصطفاف مزدوج,15 JD,Paid
88-3880,اصطفاف مزدوج,15 JD,Paid
74-6691,سرعة زائدة,30 JD,Unpaid
58-5885,عدم ارتداء حزام الأمان,20 JD,Unpaid
57-9970,سرعة زائدة,30 JD,Unpaid
38-9235,سرعة زائدة,30 JD,Unpaid
22-3021,عدم ارتداء حزام الأمان,20 JD,Paid
44-8840,استخدام الهاتف,15 JD,Unpaid
95-4955,استخدام الهاتف,15 JD,Unpaid
96-6227,استخدام الهاتف,15 JD,Paid
75-8409,استخدام الهاتف,15 JD,Unpaid
46-4091,تجاوز إشارة,40 JD,Unpaid
12-5130,استخدام الهاتف,15 JD,Unpaid
57-6642,تجاوز إشارة,40 JD,Paid
74-3609,اصطفاف مزدوج,15 JD,Unpaid
64-4890,اصطفاف مزدوج,15 JD,Paid
22-4947,استخدام الهاتف,15 JD,Paid
60-7815,تجاوز إشارة,40 JD,Unpaid
79-3522,سرعة زائدة,30 JD,Paid
32-6039,اصطفاف مزدوج,15 JD,Paid
86-6996,اصطفاف مزدوج,15 JD,Paid
64-3100,سرعة زائدة,30 JD,Unpaid
23-5229,سرعة زائدة,30 JD,Paid
11-2308,سرعة زائدة,30 JD,Unpaid
30-4065,استخدام الهاتف,15 JD,Unpaid
80-9396,تجاوز إشارة,40 JD,Paid
84-8971,سرعة زائدة,30 JD,Paid
16-9705,تجاوز إشارة,40 JD,Paid
46-8992,استخدام الهاتف,15 JD,Paid
79-1584,عدم ارتداء حزام الأمان,20 JD,Paid
94-3121,استخدام الهاتف,15 JD,Unpaid
79-7504,سرعة زائدة,30 JD,Paid
49-4152,اصطفاف مزدوج,15 JD,Paid
29-5033,اصطفاف مزدوج,15 JD,Paid
88-8227,عدم ارتداء حزام الأمان,20 JD,Paid
31-9128,سرعة زائدة,30 JD,Unpaid
21-1352,عدم ارتداء حزام الأمان,20 JD,Paid
29-2296,عدم ارتداء حزام الأمان,20 JD,Paid
62-3825,تجاوز إشارة,40 JD,Paid
69-9808,استخدام الهاتف,15 JD,Unpaid
24-2992,سرعة زائدة,30 JD,Paid
11-2776,عدم ارتداء حزام الأمان,20 JD,Paid
11-8437,سرعة زائدة,30 JD,Unpaid
28-5115,عدم ارتداء حزام الأمان,20 JD,Unpaid
27-3135,استخدام الهاتف,15 JD,Unpaid
85-4369,استخدام الهاتف,15 JD,Paid
90-3630,اصطفاف مزدوج,15 JD,Unpaid
50-1179,عدم ارتداء حزام الأمان,20 JD,Paid
76-4586,اصطفاف مزدوج,15 JD,Unpaid
97-5951,سرعة زائدة,30 JD,Paid
27-1861,استخدام الهاتف,15 JD,Unpaid
91-1951,تجاوز إشارة,40 JD,Unpaid
39-2885,استخدام الهاتف,15 JD,Unpaid
29-3357,اصطفاف مزدوج,15 JD,Paid
87-3906,تجاوز إشارة,40 JD,Unpaid
41-7966,عدم ارتداء حزام الأمان,20 JD,Paid
70-2612,استخدام الهاتف,15 JD,Unpaid
69-4762,استخدام الهاتف,15 JD,Paid
61-2937,سرعة زائدة,30 JD,Unpaid
66-6025,اصطفاف مزدوج,15 JD,Paid
86-8047,عدم ارتداء حزام الأمان,20 JD,Unpaid
62-6185,استخدام الهاتف,15 JD,Unpaid
86-2867,تجاوز إشارة,40 JD,Paid
60-1547,اصطفاف مزدوج,15 JD,Paid
42-8897,سرعة زائدة,30 JD,Unpaid
31-6025,عدم ارتداء حزام الأمان,20 JD,Paid
99-4575,استخدام الهاتف,15 JD,Unpaid
55-3810,اصطفاف مزدوج,15 JD,Paid
93-6939,سرعة زائدة,30 JD,Unpaid
79-8667,تجاوز إشارة,40 JD,Unpaid
55-7314,اصطفاف مزدوج,15 JD,Paid
83-4907,اصطفاف مزدوج,15 JD,Paid
70-3745,عدم ارتداء حزام الأمان,20 JD,Paid
85-2936,اصطفاف مزدوج,15 JD,Unpaid
92-4427,عدم ارتداء حزام الأمان,20 JD,Paid
54-4503,اصطفاف مزدوج,15 JD,Unpaid
14-7670,اصطفاف مزدوج,15 JD,Unpaid
11-3489,استخدام الهاتف,15 JD,Unpaid
88-3993,استخدام الهاتف,15 JD,Unpaid
66-3732,سرعة زائدة,30 JD,Unpaid
24-3335,سرعة زائدة,30 JD,Paid
25-9970,استخدام الهاتف,15 JD,Paid
53-9635,سرعة زائدة,30 JD,Paid
41-2593,استخدام الهاتف,15 JD,Paid
23-5904,اصطفاف مزدوج,15 JD,Paid
57-8082,تجاوز إشارة,40 JD,Paid
60-6970,عدم ارتداء حزام الأمان,20 JD,Unpaid
89-1025,سرعة زائدة,30 JD,Unpaid
51-4414,تجاوز إشارة,40 JD,Paid
10-5624,عدم ارتداء حزام الأمان,20 JD,Paid
21-1258,سرعة زائدة,30 JD,Paid
82-3714,تجاوز إشارة,40 JD,Unpaid
60-4282,اصطفاف مزدوج,15 JD,Unpaid
36-2540,اصطفاف مزدوج,15 JD,Paid
24-6972,عدم ارتداء حزام الأمان,20 JD,Paid
12-6590,تجاوز إشارة,40 JD,Paid
86-2045,عدم ارتداء حزام الأمان,20 JD,Unpaid
16-3109,عدم ارتداء حزام الأمان,20 JD,Unpaid
22-1919,تجاوز إشارة,40 JD,Unpaid
25-1070,اصطفاف مزدوج,15 JD,Unpaid
58-1937,تجاوز إشارة,40 JD,Paid
94-3777,تجاوز إشارة,40 JD,Paid
47-8462,تجاوز إشارة,40 JD,Paid
24-7775,تجاوز إشارة,40 JD,Paid
20-9441,عدم ارتداء حزام الأمان,20 JD,Unpaid
16-5861,سرعة زائدة,30 JD,Paid
58-2319,اصطفاف مزدوج,15 JD,Unpaid
72-1532,سرعة زائدة,30 JD,Unpaid
30-3760,تجاوز إشارة,40 JD,Unpaid
57-1651,اصطفاف مزدوج,15 JD,Paid
84-1765,استخدام الهاتف,15 JD,Paid
99-2914,اصطفاف مزدوج,15 JD,Unpaid
48-9190,سرعة زائدة,30 JD,Paid
53-8612,سرعة زائدة,30 JD,Unpaid
71-2492,سرعة زائدة,30 JD,Unpaid
57-6459,تجاوز إشارة,40 JD,Paid
16-7409,اصطفاف مزدوج,15 JD,Paid
27-9410,عدم ارتداء حزام الأمان,20 JD,Paid
13-8220,استخدام الهاتف,15 JD,Paid
72-7634,استخدام الهاتف,15 JD,Unpaid
95-7297,استخدام الهاتف,15 JD,Paid
52-3436,عدم ارتداء حزام الأمان,20 JD,Paid
61-1139,اصطفاف مزدوج,15 JD,Unpaid
60-2423,عدم ارتداء حزام الأمان,20 JD,Paid
96-5342,عدم ارتداء حزام الأمان,20 JD,Paid
30-5244,اصطفاف مزدوج,15 JD,Unpaid
15-2868,اصطفاف مزدوج,15 JD,Paid
43-5630,اصطفاف مزدوج,15 JD,Unpaid
64-2242,اصطفاف مزدوج,15 JD,Paid
40-6956,عدم ارتداء حزام الأمان,20 JD,Paid
62-5861,سرعة زائدة,30 JD,Unpaid
18-3067,تجاوز إشارة,40 JD,Unpaid
46-1229,اصطفاف مزدوج,15 JD,Paid
69-9612,استخدام الهاتف,15 JD,Paid
90-1309,اصطفاف مزدوج,15 JD,Paid
65-9695,تجاوز إشارة,40 JD,Unpaid
37-2063,اصطفاف مزدوج,15 JD,Unpaid
61-2708,تجاوز إشارة,40 JD,Paid
27-8013,تجاوز إشارة,40 JD,Paid
42-9281,عدم ارتداء حزام الأمان,20 JD,Paid
53-6957,استخدام الهاتف,15 JD,Paid
74-3322,استخدام الهاتف,15 JD,Unpaid
98-3750,عدم ارتداء حزام الأمان,20 JD,Unpaid
56-6170,تجاوز إشارة,40 JD,Paid
23-8801,عدم ارتداء حزام الأمان,20 JD,Unpaid
14-7302,استخدام الهاتف,15 JD,Unpaid
96-3491,استخدام الهاتف,15 JD,Unpaid
27-3959,عدم ارتداء حزام الأمان,20 JD,Unpaid
37-3545,تجاوز إشارة,40 JD,Paid
33-8943,اصطفاف مزدوج,15 JD,Paid
76-7356,سرعة زائدة,30 JD,Unpaid
92-6442,استخدام الهاتف,15 JD,Unpaid
36-4895,استخدام الهاتف,15 JD,Unpaid
87-4732,استخدام الهاتف,15 JD,Unpaid
82-6355,سرعة زائدة,30 JD,Paid
68-1007,عدم ارتداء حزام الأمان,20 JD,Paid
85-4773,اصطفاف مزدوج,15 JD,Paid
97-7734,استخدام الهاتف,15 JD,Paid
94-7050,سرعة زائدة,30 JD,Unpaid
73-1732,تجاوز إشارة,40 JD,Unpaid
10-5919,سرعة زائدة,30 JD,Paid
25-1214,عدم ارتداء حزام الأمان,20 JD,Paid
73-8777,اصطفاف مزدوج,15 JD,Paid
38-2112,تجاوز إشارة,40 JD,Unpaid
56-8432,تجاوز إشارة,40 JD,Paid
66-9782,اصطفاف مزدوج,15 JD,Unpaid
51-5395,عدم ارتداء حزام الأمان,20 JD,Paid
98-5511,اصطفاف مزدوج,15 JD,Unpaid
32-2903,اصطفاف مزدوج,15 JD,Paid
48-2532,تجاوز إشارة,40 JD,Paid
63-4238,عدم ارتداء حزام الأمان,20 JD,Paid
89-2522,عدم ارتداء حزام الأمان,20 JD,Unpaid
38-6557,سرعة زائدة,30 JD,Paid
68-1496,استخدام الهاتف,15 JD,Unpaid
60-7880,سرعة زائدة,30 JD,Paid
36-1140,سرعة زائدة,30 JD,Paid
26-2415,تجاوز إشارة,40 JD,Unpaid
48-3485,تجاوز إشارة,40 JD,Unpaid
88-6427,اصطفاف مزدوج,15 JD,Paid
10-7832,سرعة زائدة,30 JD,Unpaid
35-5271,عدم ارتداء حزام الأمان,20 JD,Unpaid
80-4497,عدم ارتداء حزام الأمان,20 JD,Paid
18-4515,استخدام الهاتف,15 JD,Unpaid
87-3216,عدم ارتداء حزام الأمان,20 JD,Paid
16-7720,استخدام الهاتف,15 JD,Unpaid
22-7544,عدم ارتداء حزام الأمان,20 JD,Paid
73-5358,تجاوز إشارة,40 JD,Unpaid
33-3053,سرعة زائدة,30 JD,Unpaid
56-2234,اصطفاف مزدوج,15 JD,Unpaid
72-7779,استخدام الهاتف,15 JD,Paid
94-6503,استخدام الهاتف,15 JD,Unpaid
29-2315,اصطفاف مزدوج,15 JD,Unpaid
32-8318,اصطفاف مزدوج,15 JD,Unpaid
83-2748,استخدام الهاتف,15 JD,Paid
77-2356,استخدام الهاتف,15 JD,Paid
15-3461,استخدام الهاتف,15 JD,Unpaid
31-7330,استخدام الهاتف,15 JD,Paid
88-7270,تجاوز إشارة,40 JD,Paid
28-9272,استخدام الهاتف,15 JD,Paid
91-5545,سرعة زائدة,30 JD,Paid
35-2747,سرعة زائدة,30 JD,Paid
63-8829,استخدام الهاتف,15 JD,Paid
41-2436,سرعة زائدة,30 JD,Unpaid
21-6438,تجاوز إشارة,40 JD,Unpaid
77-3333,سرعة زائدة,30 JD,Paid
57-2343,سرعة زائدة,30 JD,Paid
46-9539,اصطفاف مزدوج,15 JD,Paid
88-7993,تجاوز إشارة,40 JD,Unpaid
51-2243,استخدام الهاتف,15 JD,Unpaid
59-7607,عدم ارتداء حزام الأمان,20 JD,Unpaid
15-7868,اصطفاف مزدوج,15 JD,Paid
14-4753,تجاوز إشارة,40 JD,Paid
57-4428,عدم ارتداء حزام الأمان,20 JD,Paid
58-4368,سرعة زائدة,30 JD,Unpaid
44-2658,استخدام الهاتف,15 JD,Unpaid
30-1740,سرعة زائدة,30 JD,Paid
71-2107,استخدام الهاتف,15 JD,Paid
64-3774,تجاوز إشارة,40 JD,Unpaid
21-5752,عدم ارتداء حزام الأمان,20 JD,Unpaid
65-1752,تجاوز إشارة,40 JD,Paid
43-8814,سرعة زائدة,30 JD,Unpaid
59-1719,اصطفاف مزدوج,15 JD,Unpaid
60-8849,اصطفاف مزدوج,15 JD,Paid
43-5225,عدم ارتداء حزام الأمان,20 JD,Unpaid
42-7842,عدم ارتداء حزام الأمان,20 JD,Unpaid
72-6142,تجاوز إشارة,40 JD,Unpaid
98-4230,عدم ارتداء حزام الأمان,20 JD,Unpaid
54-8947,استخدام الهاتف,15 JD,Paid
51-6075,استخدام الهاتف,15 JD,Paid
81-2629,اصطفاف مزدوج,15 JD,Paid
46-8579,اصطفاف مزدوج,15 JD,Paid
67-8431,استخدام الهاتف,15 JD,Paid
61-4316,اصطفاف مزدوج,15 JD,Unpaid
95-9132,سرعة زائدة,30 JD,Unpaid
86-5379,اصطفاف مزدوج,15 JD,Unpaid
79-3623,استخدام الهاتف,15 JD,Unpaid
12-6309,سرعة زائدة,30 JD,Unpaid
94-7176,تجاوز إشارة,40 JD,Unpaid
21-4648,استخدام الهاتف,15 JD,Unpaid
34-4747,عدم ارتداء حزام الأمان,20 JD,Paid
27-2819,تجاوز إشارة,40 JD,Paid
84-8454,سرعة زائدة,30 JD,Unpaid
75-7830,اصطفاف مزدوج,15 JD,Unpaid
83-6812,عدم ارتداء حزام الأمان,20 JD,Paid
22-9632,استخدام الهاتف,15 JD,Unpaid
46-8001,سرعة زائدة,30 JD,Paid
21-5086,سرعة زائدة,30 JD,Paid
74-3978,سرعة زائدة,30 JD,Paid
64-9245,سرعة زائدة,30 JD,Unpaid
84-7211,اصطفاف مزدوج,15 JD,Unpaid
91-7757,عدم ارتداء حزام الأمان,20 JD,Paid
46-1783,سرعة زائدة,30 JD,Paid
93-5562,سرعة زائدة,30 JD,Paid
51-7522,اصطفاف مزدوج,15 JD,Unpaid
35-7490,تجاوز إشارة,40 JD,Unpaid
18-5927,عدم ارتداء حزام الأمان,20 JD,Unpaid
36-7587,اصطفاف مزدوج,15 JD,Paid
73-6601,تجاوز إشارة,40 JD,Paid
64-2996,استخدام الهاتف,15 JD,Unpaid
76-7483,تجاوز إشارة,40 JD,Paid
76-1024,استخدام الهاتف,15 JD,Paid
20-4500,عدم ارتداء حزام الأمان,20 JD,Unpaid
49-4730,تجاوز إشارة,40 JD,Paid
23-3378,تجاوز إشارة,40 JD,Unpaid
20-2765,تجاوز إشارة,40 JD,Unpaid
71-7301,استخدام الهاتف,15 JD,Paid
24-6144,تجاوز إشارة,40 JD,Unpaid
65-1360,استخدام الهاتف,15 JD,Paid
53-4303,تجاوز إشارة,40 JD,Paid
59-5604,سرعة زائدة,30 JD,Paid
44-4438,اصطفاف مزدوج,15 JD,Paid
89-6631,تجاوز إشارة,40 JD,Unpaid
12-7274,استخدام الهاتف,15 JD,Paid
69-4695,استخدام الهاتف,15 JD,Paid
19-5747,سرعة زائدة,30 JD,Unpaid
12-2418,تجاوز إشارة,40 JD,Unpaid
36-3698,تجاوز إشارة,40 JD,Paid
14-1944,اصطفاف مزدوج,15 JD,Unpaid
70-9330,تجاوز إشارة,40 JD,Unpaid
13-2694,استخدام الهاتف,15 JD,Paid
22-5365,عدم ارتداء حزام الأمان,20 JD,Unpaid
78-1985,اصطفاف مزدوج,15 JD,Paid
71-1551,تجاوز إشارة,40 JD,Unpaid
23-9340,عدم ارتداء حزام الأمان,20 JD,Unpaid
14-9524,عدم ارتداء حزام الأمان,20 JD,Unpaid
50-2657,عدم ارتداء حزام الأمان,20 JD,Paid
24-8483,تجاوز إشارة,40 JD,Paid
11-3866,عدم ارتداء حزام الأمان,20 JD,Paid
18-5508,اصطفاف مزدوج,15 JD,Paid
78-8234,اصطفاف مزدوج,15 JD,Paid
84-7981,استخدام الهاتف,15 JD,Unpaid
76-4905,سرعة زائدة,30 JD,Paid
20-5021,استخدام الهاتف,15 JD,Unpaid
23-2643,استخدام الهاتف,15 JD,Paid
52-3121,عدم ارتداء حزام الأمان,20 JD,Paid
72-3923,استخدام الهاتف,15 JD,Paid
77-9755,تجاوز إشارة,40 JD,Paid
97-7077,اصطفاف مزدوج,15 JD,Unpaid
78-1297,سرعة زائدة,30 JD,Unpaid
33-1337,تجاوز إشارة,40 JD,Paid
62-4756,عدم ارتداء حزام الأمان,20 JD,Unpaid
43-8940,سرعة زائدة,30 JD,Paid
73-8640,اصطفاف مزدوج,15 JD,Unpaid
86-1185,عدم ارتداء حزام الأمان,20 JD,Unpaid
39-9074,تجاوز إشارة,40 JD,Paid
81-5004,سرعة زائدة,30 JD,Unpaid
24-5463,تجاوز إشارة,40 JD,Unpaid
33-3042,اصطفاف مزدوج,15 JD,Paid
87-8530,تجاوز إشارة,40 JD,Unpaid
97-9745,اصطفاف مزدوج,15 JD,Unpaid
31-5352,تجاوز إشارة,40 JD,Unpaid
84-2087,تجاوز إشارة,40 JD,Unpaid
75-8729,عدم ارتداء حزام الأمان,20 JD,Paid
69-1692,عدم ارتداء حزام الأمان,20 JD,Unpaid
33-8683,عدم ارتداء حزام الأمان,20 JD,Paid
54-2430,تجاوز إشارة,40 JD,Unpaid
10-8761,تجاوز إشارة,40 JD,Unpaid
32-3577,تجاوز إشارة,40 JD,Paid
57-7929,سرعة زائدة,30 JD,Paid
73-5358,استخدام الهاتف,15 JD,Paid
62-4462,سرعة زائدة,30 JD,Paid
43-2265,عدم ارتداء حزام الأمان,20 JD,Unpaid
67-2084,سرعة زائدة,30 JD,Unpaid
81-5243,استخدام الهاتف,15 JD,Paid
81-1287,سرعة زائدة,30 JD,Paid
41-1666,استخدام الهاتف,15 JD,Unpaid
32-1953,عدم ارتداء حزام الأمان,20 JD,Paid
16-1151,اصطفاف مزدوج,15 JD,Paid
32-6100,تجاوز إشارة,40 JD,Paid
64-4988,عدم ارتداء حزام الأمان,20 JD,Paid
81-2391,تجاوز إشارة,40 JD,Paid
96-8703,تجاوز إشارة,40 JD,Unpaid
88-8931,عدم ارتداء حزام الأمان,20 JD,Paid
36-6618,عدم ارتداء حزام الأمان,20 JD,Paid
78-6173,تجاوز إشارة,40 JD,Paid
28-6761,سرعة زائدة,30 JD,Paid
35-5972,عدم ارتداء حزام الأمان,20 JD,Unpaid
57-1618,تجاوز إشارة,40 JD,Unpaid
93-2515,عدم ارتداء حزام الأمان,20 JD,Paid
65-5628,تجاوز إشارة,40 JD,Unpaid
31-4009,اصطفاف مزدوج,15 JD,Paid
57-8354,عدم ارتداء حزام الأمان,20 JD,Paid
91-4233,عدم ارتداء حزام الأمان,20 JD,Unpaid
47-1763,عدم ارتداء حزام الأمان,20 JD,Unpaid
50-9560,استخدام الهاتف,15 JD,Paid
47-8600,استخدام الهاتف,15 JD,Paid
56-2146,عدم ارتداء حزام الأمان,20 JD,Paid
79-2780,اصطفاف مزدوج,15 JD,Paid
88-4324,اصطفاف مزدوج,15 JD,Paid
46-1403,عدم ارتداء حزام الأمان,20 JD,Unpaid
31-3578,سرعة زائدة,30 JD,Unpaid
85-3218,اصطفاف مزدوج,15 JD,Paid
46-8760,اصطفاف مزدوج,15 JD,Paid
30-5737,استخدام الهاتف,15 JD,Paid
94-8774,استخدام الهاتف,15 JD,Paid
77-9100,عدم ارتداء حزام الأمان,20 JD,Unpaid
90-8719,سرعة زائدة,30 JD,Unpaid
96-1766,اصطفاف مزدوج,15 JD,Unpaid
41-5410,استخدام الهاتف,15 JD,Paid
77-7233,سرعة زائدة,30 JD,Unpaid
60-6692,سرعة زائدة,30 JD,Paid
52-9254,اصطفاف مزدوج,15 JD,Unpaid
38-3985,عدم ارتداء حزام الأمان,20 JD,Paid
40-8075,استخدام الهاتف,15 JD,Paid
65-3139,تجاوز إشارة,40 JD,Paid
70-3096,سرعة زائدة,30 JD,Unpaid
58-9634,استخدام الهاتف,15 JD,Paid
34-9303,عدم ارتداء حزام الأمان,20 JD,Unpaid
89-8184,عدم ارتداء حزام الأمان,20 JD,Paid
56-9219,تجاوز إشارة,40 JD,Paid
78-4826,استخدام الهاتف,15 JD,Paid
61-9276,تجاوز إشارة,40 JD,Unpaid
14-3705,عدم ارتداء حزام الأمان,20 JD,Unpaid
44-9291,اصطفاف مزدوج,15 JD,Paid
54-3141,سرعة زائدة,30 JD,Paid
78-8319,تجاوز إشارة,40 JD,Paid
11-6188,عدم ارتداء حزام الأمان,20 JD,Paid
46-6669,سرعة زائدة,30 JD,Paid
82-1652,عدم ارتداء حزام الأمان,20 JD,Paid
76-7490,عدم ارتداء حزام الأمان,20 JD,Paid
44-9651,اصطفاف مزدوج,15 JD,Paid
71-6155,سرعة زائدة,30 JD,Paid
64-7879,تجاوز إشارة,40 JD,Paid
19-2234,سرعة زائدة,30 JD,Paid
86-1682,سرعة زائدة,30 JD,Paid
77-6752,سرعة زائدة,30 JD,Unpaid
87-2011,عدم ارتداء حزام الأمان,20 JD,Paid
64-7621,اصطفاف مزدوج,15 JD,Unpaid
68-8335,استخدام الهاتف,15 JD,Paid
99-6834,اصطفاف مزدوج,15 JD,Unpaid
66-6367,استخدام الهاتف,15 JD,Paid
44-7733,عدم ارتداء حزام الأمان,20 JD,Unpaid
92-4535,سرعة زائدة,30 JD,Unpaid
39-2290,تجاوز إشارة,40 JD,Unpaid
73-6370,عدم ارتداء حزام الأمان,20 JD,Unpaid
54-3434,عدم ارتداء حزام الأمان,20 JD,Paid
82-8257,استخدام الهاتف,15 JD,Paid
47-6232,سرعة زائدة,30 JD,Unpaid
99-9965,استخدام الهاتف,15 JD,Paid
84-8344,استخدام الهاتف,15 JD,Paid
73-1896,سرعة زائدة,30 JD,Paid
83-3424,استخدام الهاتف,15 JD,Paid
41-6716,عدم ارتداء حزام الأمان,20 JD,Paid
78-8681,استخدام الهاتف,15 JD,Paid
46-8946,اصطفاف مزدوج,15 JD,Paid
85-6534,عدم ارتداء حزام الأمان,20 JD,Paid
31-5512,استخدام الهاتف,15 JD,Unpaid
25-2442,عدم ارتداء حزام الأمان,20 JD,Paid
41-9712,تجاوز إشارة,40 JD,Paid
90-4769,استخدام الهاتف,15 JD,Paid
75-5054,استخدام الهاتف,15 JD,Unpaid
16-4333,اصطفاف مزدوج,15 JD,Unpaid
66-7339,تجاوز إشارة,40 JD,Unpaid
75-6552,استخدام الهاتف,15 JD,Paid
81-1795,سرعة زائدة,30 JD,Paid
54-4139,سرعة زائدة,30 JD,Paid
14-7426,تجاوز إشارة,40 JD,Paid
93-7097,تجاوز إشارة,40 JD,Paid
55-6389,عدم ارتداء حزام الأمان,20 JD,Unpaid
93-6086,سرعة زائدة,30 JD,Unpaid
21-3806,تجاوز إشارة,40 JD,Paid
81-3379,استخدام الهاتف,15 JD,Unpaid
54-6662,اصطفاف مزدوج,15 JD,Unpaid
74-7632,استخدام الهاتف,15 JD,Unpaid
87-4896,تجاوز إشارة,40 JD,Paid
97-5116,تجاوز إشارة,40 JD,Unpaid
53-5720,تجاوز إشارة,40 JD,Paid
16-8766,تجاوز إشارة,40 JD,Unpaid
31-6554,استخدام الهاتف,15 JD,Unpaid
61-4316,عدم ارتداء حزام الأمان,20 JD,Paid
49-7790,عدم ارتداء حزام الأمان,20 JD,Paid
25-2352,اصطفاف مزدوج,15 JD,Paid
46-6109,سرعة زائدة,30 JD,Paid
62-4872,تجاوز إشارة,40 JD,Unpaid
83-4079,عدم ارتداء حزام الأمان,20 JD,Paid
51-6725,سرعة زائدة,30 JD,Unpaid
57-5003,تجاوز إشارة,40 JD,Paid
40-2568,عدم ارتداء حزام الأمان,20 JD,Unpaid
31-5786,استخدام الهاتف,15 JD,Unpaid
60-4045,سرعة زائدة,30 JD,Unpaid
25-9758,استخدام الهاتف,15 JD,Unpaid
60-3744,سرعة زائدة,30 JD,Paid
70-4830,عدم ارتداء حزام الأمان,20 JD,Paid
34-7387,استخدام الهاتف,15 JD,Paid
32-1138,تجاوز إشارة,40 JD,Unpaid
83-2636,تجاوز إشارة,40 JD,Unpaid
10-5989,تجاوز إشارة,40 JD,Paid
70-8110,عدم ارتداء حزام الأمان,20 JD,Unpaid
19-8871,سرعة زائدة,30 JD,Paid
25-6330,استخدام الهاتف,15 JD,Paid
16-2673,اصطفاف مزدوج,15 JD,Unpaid
95-9252,استخدام الهاتف,15 JD,Unpaid
66-4921,اصطفاف مزدوج,15 JD,Paid
27-1742,استخدام الهاتف,15 JD,Paid
20-8194,استخدام الهاتف,15 JD,Unpaid
51-4567,تجاوز إشارة,40 JD,Unpaid
75-7819,اصطفاف مزدوج,15 JD,Paid
92-6671,استخدام الهاتف,15 JD,Paid
65-3548,سرعة زائدة,30 JD,Paid
70-6101,تجاوز إشارة,40 JD,Paid
61-3799,استخدام الهاتف,15 JD,Paid
36-6355,سرعة زائدة,30 JD,Unpaid
53-4200,استخدام الهاتف,15 JD,Unpaid
31-5275,تجاوز إشارة,40 JD,Unpaid
88-8125,سرعة زائدة,30 JD,Paid
31-4888,اصطفاف مزدوج,15 JD,Unpaid
25-3738,عدم ارتداء حزام الأمان,20 JD,Unpaid
22-6880,تجاوز إشارة,40 JD,Paid
31-9005,استخدام الهاتف,15 JD,Paid
11-2040,سرعة زائدة,30 JD,Unpaid
32-3875,عدم ارتداء حزام الأمان,20 JD,Unpaid
39-5011,تجاوز إشارة,40 JD,Paid
46-8856,تجاوز إشارة,40 JD,Unpaid
79-1615,اصطفاف مزدوج,15 JD,Paid
99-2646,استخدام الهاتف,15 JD,Unpaid
59-9135,سرعة زائدة,30 JD,Unpaid
13-2420,استخدام الهاتف,15 JD,Paid
57-6245,استخدام الهاتف,15 JD,Paid
91-8012,استخدام الهاتف,15 JD,Unpaid
40-4286,استخدام الهاتف,15 JD,Paid
83-2411,سرعة زائدة,30 JD,Unpaid
30-7583,تجاوز إشارة,40 JD,Paid
47-7700,سرعة زائدة,30 JD,Paid
75-6047,اصطفاف مزدوج,15 JD,Paid
72-4477,اصطفاف مزدوج,15 JD,Unpaid
63-1934,تجاوز إشارة,40 JD,Unpaid
17-4918,سرعة زائدة,30 JD,Unpaid
40-4084,استخدام الهاتف,15 JD,Unpaid
54-7058,استخدام الهاتف,15 JD,Paid
27-5315,سرعة زائدة,30 JD,Unpaid
73-1646,استخدام الهاتف,15 JD,Paid
14-9608,تجاوز إشارة,40 JD,Paid
97-7475,اصطفاف مزدوج,15 JD,Unpaid
84-1319,استخدام الهاتف,15 JD,Paid
97-3486,اصطفاف مزدوج,15 JD,Unpaid
10-4478,استخدام الهاتف,15 JD,Unpaid
36-6942,تجاوز إشارة,40 JD,Unpaid
42-8747,استخدام الهاتف,15 JD,Paid
28-2569,اصطفاف مزدوج,15 JD,Unpaid
73-2922,سرعة زائدة,30 JD,Unpaid
59-8613,تجاوز إشارة,40 JD,Paid
86-2205,اصطفاف مزدوج,15 JD,Paid
57-5042,استخدام الهاتف,15 JD,Paid
41-4959,سرعة زائدة,30 JD,Paid
85-1382,تجاوز إشارة,40 JD,Paid
17-1063,استخدام الهاتف,15 JD,Paid
51-2629,سرعة زائدة,30 JD,Paid
78-6069,اصطفاف مزدوج,15 JD,Unpaid
39-5629,سرعة زائدة,30 JD,Paid
88-1511,استخدام الهاتف,15 JD,Paid
40-4083,اصطفاف مزدوج,15 JD,Unpaid
74-2840,عدم ارتداء حزام الأمان,20 JD,Unpaid
59-4804,سرعة زائدة,30 JD,Unpaid
39-4186,استخدام الهاتف,15 JD,Unpaid
38-9439,عدم ارتداء حزام الأمان,20 JD,Unpaid
35-4635,عدم ارتداء حزام الأمان,20 JD,Paid
41-2810,استخدام الهاتف,15 JD,Paid
94-5639,تجاوز إشارة,40 JD,Unpaid
11-1018,استخدام الهاتف,15 JD,Unpaid
22-6451,عدم ارتداء حزام الأمان,20 JD,Paid
28-6467,اصطفاف مزدوج,15 JD,Unpaid
48-5617,عدم ارتداء حزام الأمان,20 JD,Paid
79-3351,سرعة زائدة,30 JD,Unpaid
78-6670,استخدام الهاتف,15 JD,Paid
95-5772,سرعة زائدة,30 JD,Unpaid
53-2241,تجاوز إشارة,40 JD,Paid
73-1081,اصطفاف مزدوج,15 JD,Paid
76-2310,اصطفاف مزدوج,15 JD,Unpaid
49-8303,تجاوز إشارة,40 JD,Unpaid
89-9377,اصطفاف مزدوج,15 JD,Paid
58-6780,عدم ارتداء حزام الأمان,20 JD,Unpaid
55-9595,اصطفاف مزدوج,15 JD,Paid
28-6668,استخدام الهاتف,15 JD,Unpaid
50-2665,سرعة زائدة,30 JD,Paid
37-7649,عدم ارتداء حزام الأمان,20 JD,Unpaid
50-5434,سرعة زائدة,30 JD,Paid
24-5046,عدم ارتداء حزام الأمان,20 JD,Unpaid
84-5613,تجاوز إشارة,40 JD,Unpaid
14-2567,سرعة زائدة,30 JD,Paid
76-9350,اصطفاف مزدوج,15 JD,Paid
20-3096,سرعة زائدة,30 JD,Paid
72-9681,سرعة زائدة,30 JD,Unpaid
66-8151,استخدام الهاتف,15 JD,Paid
96-5936,تجاوز إشارة,40 JD,Unpaid
58-2330,تجاوز إشارة,40 JD,Unpaid
23-7539,سرعة زائدة,30 JD,Unpaid
85-2567,تجاوز إشارة,40 JD,Unpaid
47-1665,سرعة زائدة,30 JD,Paid
22-7054,اصطفاف مزدوج,15 JD,Unpaid
95-7310,استخدام الهاتف,15 JD,Unpaid
53-4113,استخدام الهاتف,15 JD,Unpaid
72-4761,استخدام الهاتف,15 JD,Unpaid
40-8876,استخدام الهاتف,15 JD,Paid
96-6419,عدم ارتداء حزام الأمان,20 JD,Paid
68-5243,تجاوز إشارة,40 JD,Paid
20-2767,استخدام الهاتف,15 JD,Paid
67-3233,تجاوز إشارة,40 JD,Unpaid
89-2560,عدم ارتداء حزام الأمان,20 JD,Paid
50-3270,تجاوز إشارة,40 JD,Unpaid
93-9702,عدم ارتداء حزام الأمان,20 JD,Paid
50-1936,استخدام الهاتف,15 JD,Unpaid
64-7261,استخدام الهاتف,15 JD,Paid
35-5450,استخدام الهاتف,15 JD,Unpaid
60-9088,سرعة زائدة,30 JD,Unpaid
10-4182,استخدام الهاتف,15 JD,Paid
76-5221,عدم ارتداء حزام الأمان,20 JD,Paid
91-8604,تجاوز إشارة,40 JD,Unpaid
39-5324,سرعة زائدة,30 JD,Paid
90-5377,تجاوز إشارة,40 JD,Paid
19-9809,تجاوز إشارة,40 JD,Unpaid
51-5429,تجاوز إشارة,40 JD,Unpaid
75-3008,استخدام الهاتف,15 JD,Paid
37-6607,اصطفاف مزدوج,15 JD,Unpaid
48-9473,سرعة زائدة,30 JD,Paid
58-8158,تجاوز إشارة,40 JD,Unpaid
11-2858,عدم ارتداء حزام الأمان,20 JD,Paid
95-1764,استخدام الهاتف,15 JD,Unpaid
50-4930,سرعة زائدة,30 JD,Paid
51-9399,استخدام الهاتف,15 JD,Paid
15-5687,اصطفاف مزدوج,15 JD,Paid
88-5072,استخدام الهاتف,15 JD,Unpaid
67-8437,سرعة زائدة,30 JD,Paid
64-3297,استخدام الهاتف,15 JD,Unpaid
62-3383,استخدام الهاتف,15 JD,Unpaid
65-6398,اصطفاف مزدوج,15 JD,Paid
22-6199,سرعة زائدة,30 JD,Unpaid
86-9472,عدم ارتداء حزام الأمان,20 JD,Paid
80-2656,استخدام الهاتف,15 JD,Paid
32-1737,عدم ارتداء حزام الأمان,20 JD,Paid
92-2391,تجاوز إشارة,40 JD,Unpaid
81-3596,تجاوز إشارة,40 JD,Unpaid
42-8364,تجاوز إشارة,40 JD,Paid
58-5197,اصطفاف مزدوج,15 JD,Paid
60-7189,استخدام الهاتف,15 JD,Paid
91-2136,عدم ارتداء حزام الأمان,20 JD,Paid
62-9130,تجاوز إشارة,40 JD,Paid
68-1310,سرعة زائدة,30 JD,Paid
95-9591,تجاوز إشارة,40 JD,Paid
85-2829,تجاوز إشارة,40 JD,Paid
31-6241,سرعة زائدة,30 JD,Paid
77-8129,استخدام الهاتف,15 JD,Unpaid
55-9549,سرعة زائدة,30 JD,Paid
26-7009,اصطفاف مزدوج,15 JD,Paid
45-2714,اصطفاف مزدوج,15 JD,Unpaid
52-2674,استخدام الهاتف,15 JD,Unpaid
41-5275,تجاوز إشارة,40 JD,Unpaid
21-7977,اصطفاف مزدوج,15 JD,Unpaid
77-9460,عدم ارتداء حزام الأمان,20 JD,Paid
22-7710,عدم ارتداء حزام الأمان,20 JD,Paid
34-7390,عدم ارتداء حزام الأمان,20 JD,Paid
64-3726,تجاوز إشارة,40 JD,Unpaid
78-3419,اصطفاف مزدوج,15 JD,Paid
15-5819,تجاوز إشارة,40 JD,Paid
64-7446,سرعة زائدة,30 JD,Paid
79-8265,عدم ارتداء حزام الأمان,20 JD,Paid
65-2414,تجاوز إشارة,40 JD,Paid
10-1025,استخدام الهاتف,15 JD,Paid
18-9387,استخدام الهاتف,15 JD,Unpaid
42-6939,سرعة زائدة,30 JD,Unpaid
84-9373,عدم ارتداء حزام الأمان,20 JD,Paid
44-9416,تجاوز إشارة,40 JD,Unpaid
99-8258,سرعة زائدة,30 JD,Unpaid
32-8524,عدم ارتداء حزام الأمان,20 JD,Paid
47-5399,استخدام الهاتف,15 JD,Unpaid
43-2834,اصطفاف مزدوج,15 JD,Unpaid
58-6320,تجاوز إشارة,40 JD,Unpaid
51-9015,اصطفاف مزدوج,15 JD,Paid
47-5076,استخدام الهاتف,15 JD,Unpaid
87-3612,عدم ارتداء حزام الأمان,20 JD,Paid
28-6498,عدم ارتداء حزام الأمان,20 JD,Unpaid
47-9886,سرعة زائدة,30 JD,Unpaid
83-1872,تجاوز إشارة,40 JD,Paid
79-9347,استخدام الهاتف,15 JD,Paid
21-4294,استخدام الهاتف,15 JD,Paid
65-1635,اصطفاف مزدوج,15 JD,Unpaid
42-1174,استخدام الهاتف,15 JD,Paid
63-8238,تجاوز إشارة,40 JD,Unpaid
89-5706,تجاوز إشارة,40 JD,Unpaid
38-2837,اصطفاف مزدوج,15 JD,Paid
78-9843,تجاوز إشارة,40 JD,Unpaid
76-1997,عدم ارتداء حزام الأمان,20 JD,Paid
24-2036,اصطفاف مزدوج,15 JD,Unpaid
99-5595,عدم ارتداء حزام الأمان,20 JD,Paid
53-5301,اصطفاف مزدوج,15 JD,Paid
31-4691,تجاوز إشارة,40 JD,Unpaid
25-1218,استخدام الهاتف,15 JD,Paid
90-5749,عدم ارتداء حزام الأمان,20 JD,Unpaid
67-9465,عدم ارتداء حزام الأمان,20 JD,Unpaid
96-4325,عدم ارتداء حزام الأمان,20 JD,Unpaid
26-8551,اصطفاف مزدوج,15 JD,Paid
18-3011,تجاوز إشارة,40 JD,Unpaid
23-2233,سرعة زائدة,30 JD,Paid
51-8018,استخدام الهاتف,15 JD,Unpaid
66-2945,سرعة زائدة,30 JD,Unpaid
53-2849,اصطفاف مزدوج,15 JD,Unpaid
96-9540,استخدام الهاتف,15 JD,Paid
29-9728,عدم ارتداء حزام الأمان,20 JD,Paid
59-3073,اصطفاف مزدوج,15 JD,Unpaid
75-1258,استخدام الهاتف,15 JD,Unpaid
88-4903,تجاوز إشارة,40 JD,Unpaid
42-5985,استخدام الهاتف,15 JD,Unpaid
18-3348,عدم ارتداء حزام الأمان,20 JD,Unpaid
88-5746,اصطفاف مزدوج,15 JD,Paid
47-1829,سرعة زائدة,30 JD,Paid
57-5564,سرعة زائدة,30 JD,Paid
19-4018,سرعة زائدة,30 JD,Unpaid
66-1596,عدم ارتداء حزام الأمان,20 JD,Unpaid
71-2288,اصطفاف مزدوج,15 JD,Paid
57-1954,تجاوز إشارة,40 JD,Paid
73-1479,تجاوز إشارة,40 JD,Unpaid
11-2478,استخدام الهاتف,15 JD,Unpaid
77-1135,سرعة زائدة,30 JD,Unpaid
20-7395,استخدام الهاتف,15 JD,Paid
24-8530,اصطفاف مزدوج,15 JD,Unpaid
82-6167,عدم ارتداء حزام الأمان,20 JD,Unpaid
14-9689,اصطفاف مزدوج,15 JD,Paid
25-1462,سرعة زائدة,30 JD,Paid
80-1764,اصطفاف مزدوج,15 JD,Paid
22-5373,عدم ارتداء حزام الأمان,20 JD,Unpaid
12-3254,اصطفاف مزدوج,15 JD,Unpaid
90-8986,اصطفاف مزدوج,15 JD,Unpaid
43-3538,سرعة زائدة,30 JD,Paid
92-7827,اصطفاف مزدوج,15 JD,Unpaid
21-8110,تجاوز إشارة,40 JD,Unpaid
82-6237,استخدام الهاتف,15 JD,Paid
32-2167,اصطفاف مزدوج,15 JD,Paid
36-2187,اصطفاف مزدوج,15 JD,Unpaid
76-4179,تجاوز إشارة,40 JD,Paid
86-5188,اصطفاف مزدوج,15 JD,Paid
31-7181,استخدام الهاتف,15 JD,Unpaid
76-2696,استخدام الهاتف,15 JD,Unpaid
98-4880,تجاوز إشارة,40 JD,Unpaid
11-8402,عدم ارتداء حزام الأمان,20 JD,Paid
75-3245,تجاوز إشارة,40 JD,Paid
55-7526,تجاوز إشارة,40 JD,Paid
53-6583,عدم ارتداء حزام الأمان,20 JD,Paid
18-5134,اصطفاف مزدوج,15 JD,Unpaid
56-4758,استخدام الهاتف,15 JD,Paid
97-1805,عدم ارتداء حزام الأمان,20 JD,Paid
83-2810,سرعة زائدة,30 JD,Unpaid
83-5439,سرعة زائدة,30 JD,Paid
69-6659,استخدام الهاتف,15 JD,Unpaid
99-5642,عدم ارتداء حزام الأمان,20 JD,Unpaid
73-8601,اصطفاف مزدوج,15 JD,Unpaid
90-2291,سرعة زائدة,30 JD,Unpaid
98-6732,تجاوز إشارة,40 JD,Paid
73-5913,استخدام الهاتف,15 JD,Unpaid
84-7506,تجاوز إشارة,40 JD,Paid
88-8546,اصطفاف مزدوج,15 JD,Paid
38-4989,عدم ارتداء حزام الأمان,20 JD,Unpaid
95-9299,استخدام الهاتف,15 JD,Unpaid
27-1277,سرعة زائدة,30 JD,Paid
11-2019,سرعة زائدة,30 JD,Paid
52-8311,اصطفاف مزدوج,15 JD,Paid
12-7189,تجاوز إشارة,40 JD,Paid
18-1909,اصطفاف مزدوج,15 JD,Unpaid
27-2302,استخدام الهاتف,15 JD,Unpaid
92-2879,سرعة زائدة,30 JD,Unpaid
61-4748,عدم ارتداء حزام الأمان,20 JD,Unpaid
61-7023,اصطفاف مزدوج,15 JD,Paid
39-2120,استخدام الهاتف,15 JD,Unpaid
76-4100,اصطفاف مزدوج,15 JD,Paid
10-6181,استخدام الهاتف,15 JD,Unpaid
54-1158,سرعة زائدة,30 JD,Paid
10-2700,تجاوز إشارة,40 JD,Paid
19-6351,اصطفاف مزدوج,15 JD,Unpaid
49-2826,عدم ارتداء حزام الأمان,20 JD,Unpaid
24-9520,استخدام الهاتف,15 JD,Unpaid
34-5152,اصطفاف مزدوج,15 JD,Unpaid
47-1250,تجاوز إشارة,40 JD,Paid
91-6710,عدم ارتداء حزام الأمان,20 JD,Unpaid
96-9928,تجاوز إشارة,40 JD,Paid
91-5866,سرعة زائدة,30 JD,Unpaid
82-5102,عدم ارتداء حزام الأمان,20 JD,Paid
56-5075,عدم ارتداء حزام الأمان,20 JD,Paid
14-3819,عدم ارتداء حزام الأمان,20 JD,Paid
49-2177,اصطفاف مزدوج,15 JD,Paid
89-4291,استخدام الهاتف,15 JD,Unpaid
73-3976,استخدام الهاتف,15 JD,Paid
70-5300,تجاوز إشارة,40 JD,Paid
47-6044,سرعة زائدة,30 JD,Paid
11-7091,تجاوز إشارة,40 JD,Unpaid
12-2083,سرعة زائدة,30 JD,Paid
55-4884,سرعة زائدة,30 JD,Paid
75-2314,اصطفاف مزدوج,15 JD,Unpaid
21-3008,سرعة زائدة,30 JD,Unpaid
65-9838,تجاوز إشارة,40 JD,Paid
13-2469,سرعة زائدة,30 JD,Unpaid
34-7215,عدم ارتداء حزام الأمان,20 JD,Paid
30-8465,عدم ارتداء حزام الأمان,20 JD,Unpaid
76-6624,تجاوز إشارة,40 JD,Unpaid
96-4406,عدم ارتداء حزام الأمان,20 JD,Unpaid
44-8416,استخدام الهاتف,15 JD,Unpaid
66-5580,عدم ارتداء حزام الأمان,20 JD,Unpaid
24-4204,عدم ارتداء حزام الأمان,20 JD,Paid
70-2188,سرعة زائدة,30 JD,Paid
59-4742,اصطفاف مزدوج,15 JD,Unpaid
83-3547,تجاوز إشارة,40 JD,Unpaid
64-1596,اصطفاف مزدوج,15 JD,Unpaid
99-3820,اصطفاف مزدوج,15 JD,Unpaid
37-8247,عدم ارتداء حزام الأمان,20 JD,Unpaid
69-2066,سرعة زائدة,30 JD,Unpaid
20-7960,تجاوز إشارة,40 JD,Unpaid
40-4859,سرعة زائدة,30 JD,Unpaid
81-5859,سرعة زائدة,30 JD,Paid
44-8959,استخدام الهاتف,15 JD,Unpaid
78-9831,تجاوز إشارة,40 JD,Unpaid
71-8674,عدم ارتداء حزام الأمان,20 JD,Unpaid
78-5800,استخدام الهاتف,15 JD,Paid
18-6787,عدم ارتداء حزام الأمان,20 JD,Paid
19-6303,سرعة زائدة,30 JD,Paid
29-8193,عدم ارتداء حزام الأمان,20 JD,Paid
66-4078,اصطفاف مزدوج,15 JD,Paid
76-2456,سرعة زائدة,30 JD,Unpaid
67-6861,اصطفاف مزدوج,15 JD,Unpaid
80-5376,استخدام الهاتف,15 JD,Paid
76-7157,تجاوز إشارة,40 JD,Unpaid
34-8232,عدم ارتداء حزام الأمان,20 JD,Unpaid
58-9676,اصطفاف مزدوج,15 JD,Unpaid
66-8757,اصطفاف مزدوج,15 JD,Paid
31-8045,اصطفاف مزدوج,15 JD,Paid
84-5929,اصطفاف مزدوج,15 JD,Paid
45-8014,عدم ارتداء حزام الأمان,20 JD,Paid
69-7694,سرعة زائدة,30 JD,Unpaid
66-9271,اصطفاف مزدوج,15 JD,Paid
25-4395,اصطفاف مزدوج,15 JD,Unpaid
75-2788,استخدام الهاتف,15 JD,Unpaid
25-5010,تجاوز إشارة,40 JD,Paid
16-1184,عدم ارتداء حزام الأمان,20 JD,Paid
38-3126,استخدام الهاتف,15 JD,Unpaid
10-9520,تجاوز إشارة,40 JD,Paid
78-4404,عدم ارتداء حزام الأمان,20 JD,Unpaid
54-8506,استخدام الهاتف,15 JD,Paid
11-5869,سرعة زائدة,30 JD,Unpaid
23-1658,استخدام الهاتف,15 JD,Unpaid
67-7838,استخدام الهاتف,15 JD,Paid
99-5527,عدم ارتداء حزام الأمان,20 JD,Unpaid
85-7764,استخدام الهاتف,15 JD,Paid
23-5415,استخدام الهاتف,15 JD,Unpaid
88-1368,سرعة زائدة,30 JD,Unpaid
71-5713,اصطفاف مزدوج,15 JD,Paid
25-3043,عدم ارتداء حزام الأمان,20 JD,Paid
31-5254,اصطفاف مزدوج,15 JD,Paid
81-3215,استخدام الهاتف,15 JD,Paid
80-3264,عدم ارتداء حزام الأمان,20 JD,Unpaid
66-6150,عدم ارتداء حزام الأمان,20 JD,Unpaid
62-4777,اصطفاف مزدوج,15 JD,Paid
83-4254,اصطفاف مزدوج,15 JD,Unpaid
78-2506,اصطفاف مزدوج,15 JD,Paid
47-7249,استخدام الهاتف,15 JD,Unpaid
25-7983,استخدام الهاتف,15 JD,Paid
64-5842,تجاوز إشارة,40 JD,Paid
73-1390,اصطفاف مزدوج,15 JD,Unpaid
33-3860,سرعة زائدة,30 JD,Unpaid
61-2377,اصطفاف مزدوج,15 JD,Unpaid
86-1748,عدم ارتداء حزام الأمان,20 JD,Unpaid
51-3318,اصطفاف مزدوج,15 JD,Unpaid
82-9608,استخدام الهاتف,15 JD,Unpaid
55-3659,عدم ارتداء حزام الأمان,20 JD,Unpaid
58-6049,استخدام الهاتف,15 JD,Unpaid
28-4461,اصطفاف مزدوج,15 JD,Paid
40-6752,سرعة زائدة,30 JD,Paid
31-7435,استخدام الهاتف,15 JD,Paid
53-9420,عدم ارتداء حزام الأمان,20 JD,Unpaid
40-5187,استخدام الهاتف,15 JD,Paid
62-4563,عدم ارتداء حزام الأمان,20 JD,Paid
39-2420,سرعة زائدة,30 JD,Unpaid
34-3372,استخدام الهاتف,15 JD,Unpaid
22-5223,استخدام الهاتف,15 JD,Unpaid
37-1238,استخدام الهاتف,15 JD,Unpaid
55-7217,سرعة زائدة,30 JD,Unpaid
59-1200,اصطفاف مزدوج,15 JD,Unpaid
21-6970,استخدام الهاتف,15 JD,Paid
61-1877,تجاوز إشارة,40 JD,Unpaid
92-8128,تجاوز إشارة,40 JD,Paid
80-8932,اصطفاف مزدوج,15 JD,Paid
13-2388,اصطفاف مزدوج,15 JD,Unpaid
68-9241,استخدام الهاتف,15 JD,Unpaid
81-3750,اصطفاف مزدوج,15 JD,Unpaid
86-4626,استخدام الهاتف,15 JD,Paid
18-3035,استخدام الهاتف,15 JD,Paid
86-7117,سرعة زائدة,30 JD,Paid
65-8092,عدم ارتداء حزام الأمان,20 JD,Paid
65-8361,عدم ارتداء حزام الأمان,20 JD,Unpaid
85-2733,استخدام الهاتف,15 JD,Paid
84-5976,سرعة زائدة,30 JD,Paid
87-2009,اصطفاف مزدوج,15 JD,Unpaid
63-2554,استخدام الهاتف,15 JD,Unpaid
37-4304,سرعة زائدة,30 JD,Unpaid
94-6612,تجاوز إشارة,40 JD,Paid
74-7423,اصطفاف مزدوج,15 JD,Paid
28-4673,عدم ارتداء حزام الأمان,20 JD,Paid
58-6459,اصطفاف مزدوج,15 JD,Unpaid
33-8088,استخدام الهاتف,15 JD,Paid
90-8798,اصطفاف مزدوج,15 JD,Unpaid
77-4024,سرعة زائدة,30 JD,Paid
34-6556,استخدام الهاتف,15 JD,Unpaid
52-3093,سرعة زائدة,30 JD,Paid
29-2562,عدم ارتداء حزام الأمان,20 JD,Paid
91-8164,اصطفاف مزدوج,15 JD,Unpaid
56-8549,اصطفاف مزدوج,15 JD,Paid
11-1900,تجاوز إشارة,40 JD,Paid
70-1826,تجاوز إشارة,40 JD,Unpaid
96-5410,عدم ارتداء حزام الأمان,20 JD,Unpaid
84-9771,اصطفاف مزدوج,15 JD,Paid
55-4591,استخدام الهاتف,15 JD,Paid
31-4281,تجاوز إشارة,40 JD,Paid
34-7273,استخدام الهاتف,15 JD,Unpaid
75-5210,اصطفاف مزدوج,15 JD,Unpaid
63-1832,عدم ارتداء حزام الأمان,20 JD,Unpaid
39-7651,سرعة زائدة,30 JD,Paid
81-6215,تجاوز إشارة,40 JD,Paid
35-5399,عدم ارتداء حزام الأمان,20 JD,Paid
84-9417,استخدام الهاتف,15 JD,Paid
61-1476,اصطفاف مزدوج,15 JD,Unpaid
93-4326,اصطفاف مزدوج,15 JD,Unpaid
70-1019,اصطفاف مزدوج,15 JD,Unpaid
66-1646,سرعة زائدة,30 JD,Unpaid
43-5382,سرعة زائدة,30 JD,Paid
65-8711,عدم ارتداء حزام الأمان,20 JD,Paid
35-7630,عدم ارتداء حزام الأمان,20 JD,Paid
60-5874,عدم ارتداء حزام الأمان,20 JD,Unpaid
29-5609,استخدام الهاتف,15 JD,Unpaid
58-5762,اصطفاف مزدوج,15 JD,Unpaid
84-4228,استخدام الهاتف,15 JD,Unpaid
84-1282,استخدام الهاتف,15 JD,Paid
47-1589,استخدام الهاتف,15 JD,Unpaid
51-2762,استخدام الهاتف,15 JD,Unpaid
32-3703,استخدام الهاتف,15 JD,Paid
39-9711,تجاوز إشارة,40 JD,Paid
99-6967,تجاوز إشارة,40 JD,Unpaid
15-7960,استخدام الهاتف,15 JD,Unpaid
10-2847,تجاوز إشارة,40 JD,Paid
37-2466,عدم ارتداء حزام الأمان,20 JD,Paid
42-3085,سرعة زائدة,30 JD,Unpaid
28-2229,تجاوز إشارة,40 JD,Paid
93-4774,تجاوز إشارة,40 JD,Unpaid
68-2170,سرعة زائدة,30 JD,Unpaid
29-9965,تجاوز إشارة,40 JD,Paid
27-7659,استخدام الهاتف,15 JD,Paid
21-7198,تجاوز إشارة,40 JD,Unpaid
45-1225,عدم ارتداء حزام الأمان,20 JD,Paid
76-6517,تجاوز إشارة,40 JD,Paid
87-5023,سرعة زائدة,30 JD,Unpaid
52-7674,عدم ارتداء حزام الأمان,20 JD,Unpaid
14-6482,سرعة زائدة,30 JD,Paid
73-9118,اصطفاف مزدوج,15 JD,Paid
48-2715,استخدام الهاتف,15 JD,Paid
36-7475,سرعة زائدة,30 JD,Paid
60-2571,عدم ارتداء حزام الأمان,20 JD,Unpaid
95-6560,عدم ارتداء حزام الأمان,20 JD,Paid
51-9698,تجاوز إشارة,40 JD,Paid
61-1165,تجاوز إشارة,40 JD,Paid
53-3897,سرعة زائدة,30 JD,Unpaid
33-8316,سرعة زائدة,30 JD,Unpaid
70-2928,استخدام الهاتف,15 JD,Unpaid
55-2365,عدم ارتداء حزام الأمان,20 JD,Paid
94-8117,استخدام الهاتف,15 JD,Unpaid
75-2654,استخدام الهاتف,15 JD,Unpaid
71-5455,سرعة زائدة,30 JD,Paid
84-6612,تجاوز إشارة,40 JD,Paid
51-9890,سرعة زائدة,30 JD,Unpaid
41-6175,اصطفاف مزدوج,15 JD,Unpaid
37-9931,استخدام الهاتف,15 JD,Paid
64-5802,عدم ارتداء حزام الأمان,20 JD,Unpaid
51-3404,سرعة زائدة,30 JD,Unpaid
32-8913,عدم ارتداء حزام الأمان,20 JD,Paid
42-8501,اصطفاف مزدوج,15 JD,Unpaid
37-1453,عدم ارتداء حزام الأمان,20 JD,Unpaid
20-2301,اصطفاف مزدوج,15 JD,Unpaid
83-1265,سرعة زائدة,30 JD,Unpaid
93-8823,عدم ارتداء حزام الأمان,20 JD,Paid
65-9290,عدم ارتداء حزام الأمان,20 JD,Paid
68-1870,استخدام الهاتف,15 JD,Paid
34-1503,عدم ارتداء حزام الأمان,20 JD,Unpaid
72-8963,سرعة زائدة,30 JD,Unpaid
79-2877,اصطفاف مزدوج,15 JD,Paid
55-1952,اصطفاف مزدوج,15 JD,Unpaid
95-7850,اصطفاف مزدوج,15 JD,Unpaid
36-8299,سرعة زائدة,30 JD,Paid
54-4729,استخدام الهاتف,15 JD,Unpaid
57-5332,سرعة زائدة,30 JD,Paid
11-6978,سرعة زائدة,30 JD,Unpaid
82-2296,استخدام الهاتف,15 JD,Unpaid
69-7468,استخدام الهاتف,15 JD,Unpaid
20-3528,عدم ارتداء حزام الأمان,20 JD,Unpaid
69-2969,تجاوز إشارة,40 JD,Unpaid
85-9736,اصطفاف مزدوج,15 JD,Unpaid
74-2296,عدم ارتداء حزام الأمان,20 JD,Unpaid
15-2220,استخدام الهاتف,15 JD,Unpaid
56-2906,عدم ارتداء حزام الأمان,20 JD,Paid
29-5170,استخدام الهاتف,15 JD,Paid
86-1318,اصطفاف مزدوج,15 JD,Paid
35-6859,اصطفاف مزدوج,15 JD,Unpaid
59-9997,تجاوز إشارة,40 JD,Unpaid
51-3946,عدم ارتداء حزام الأمان,20 JD,Unpaid
89-3813,عدم ارتداء حزام الأمان,20 JD,Unpaid
57-4680,عدم ارتداء حزام الأمان,20 JD,Paid
22-2434,عدم ارتداء حزام الأمان,20 JD,Unpaid
57-5467,عدم ارتداء حزام الأمان,20 JD,Unpaid
17-2938,اصطفاف مزدوج,15 JD,Unpaid
93-5087,استخدام الهاتف,15 JD,Paid
71-3253,استخدام الهاتف,15 JD,Unpaid
54-9077,تجاوز إشارة,40 JD,Unpaid
58-9209,اصطفاف مزدوج,15 JD,Unpaid
61-6156,عدم ارتداء حزام الأمان,20 JD,Unpaid
82-3796,تجاوز إشارة,40 JD,Paid
68-7475,استخدام الهاتف,15 JD,Paid
24-4992,تجاوز إشارة,40 JD,Paid
83-1065,استخدام الهاتف,15 JD,Unpaid
54-3865,عدم ارتداء حزام الأمان,20 JD,Unpaid
16-5213,عدم ارتداء حزام الأمان,20 JD,Paid
41-7958,عدم ارتداء حزام الأمان,20 JD,Paid
86-3222,سرعة زائدة,30 JD,Paid
26-9173,استخدام الهاتف,15 JD,Unpaid
67-3850,عدم ارتداء حزام الأمان,20 JD,Paid
13-8951,سرعة زائدة,30 JD,Unpaid
20-3731,اصطفاف مزدوج,15 JD,Unpaid
29-7875,سرعة زائدة,30 JD,Unpaid
23-6405,عدم ارتداء حزام الأمان,20 JD,Paid
28-4813,اصطفاف مزدوج,15 JD,Unpaid
21-5006,اصطفاف مزدوج,15 JD,Unpaid
79-3506,سرعة زائدة,30 JD,Unpaid
14-8660,سرعة زائدة,30 JD,Unpaid
86-1123,استخدام الهاتف,15 JD,Unpaid
73-1325,عدم ارتداء حزام الأمان,20 JD,Unpaid
37-8523,عدم ارتداء حزام الأمان,20 JD,Unpaid
12-8193,استخدام الهاتف,15 JD,Paid
59-4267,سرعة زائدة,30 JD,Unpaid
40-4425,استخدام الهاتف,15 JD,Unpaid
98-5088,تجاوز إشارة,40 JD,Paid
77-3332,سرعة زائدة,30 JD,Unpaid
73-2320,سرعة زائدة,30 JD,Paid
67-4833,اصطفاف مزدوج,15 JD,Paid
57-7538,اصطفاف مزدوج,15 JD,Unpaid
43-4393,تجاوز إشارة,40 JD,Unpaid
43-6910,تجاوز إشارة,40 JD,Unpaid
49-5511,استخدام الهاتف,15 JD,Unpaid
43-8627,عدم ارتداء حزام الأمان,20 JD,Paid
80-5461,اصطفاف مزدوج,15 JD,Unpaid
98-4967,اصطفاف مزدوج,15 JD,Unpaid
68-1375,عدم ارتداء حزام الأمان,20 JD,Paid
95-1956,اصطفاف مزدوج,15 JD,Unpaid
52-9531,استخدام الهاتف,15 JD,Unpaid
13-7524,سرعة زائدة,30 JD,Unpaid
14-9233,استخدام الهاتف,15 JD,Unpaid
64-2877,تجاوز إشارة,40 JD,Unpaid
83-8537,سرعة زائدة,30 JD,Paid
57-9110,اصطفاف مزدوج,15 JD,Unpaid
38-3418,تجاوز إشارة,40 JD,Unpaid
43-7562,سرعة زائدة,30 JD,Unpaid
30-3968,عدم ارتداء حزام الأمان,20 JD,Unpaid
62-6789,سرعة زائدة,30 JD,Paid
40-3392,استخدام الهاتف,15 JD,Unpaid
66-2399,اصطفاف مزدوج,15 JD,Unpaid
29-6715,عدم ارتداء حزام الأمان,20 JD,Paid
62-3138,اصطفاف مزدوج,15 JD,Paid
31-2056,اصطفاف مزدوج,15 JD,Unpaid
63-4449,عدم ارتداء حزام الأمان,20 JD,Paid
97-2932,اصطفاف مزدوج,15 JD,Unpaid
19-8588,تجاوز إشارة,40 JD,Paid
33-6393,استخدام الهاتف,15 JD,Unpaid
74-4012,اصطفاف مزدوج,15 JD,Paid
71-5472,استخدام الهاتف,15 JD,Unpaid
70-7937,تجاوز إشارة,40 JD,Paid
21-8926,تجاوز إشارة,40 JD,Unpaid
66-8116,سرعة زائدة,30 JD,Paid
77-6110,عدم ارتداء حزام الأمان,20 JD,Paid
35-2120,عدم ارتداء حزام الأمان,20 JD,Paid
43-2596,استخدام الهاتف,15 JD,Unpaid
48-4750,عدم ارتداء حزام الأمان,20 JD,Paid
49-1940,تجاوز إشارة,40 JD,Unpaid
59-9863,سرعة زائدة,30 JD,Unpaid
25-4665,سرعة زائدة,30 JD,Unpaid
13-6570,عدم ارتداء حزام الأمان,20 JD,Paid
16-9668,استخدام الهاتف,15 JD,Paid
80-2289,عدم ارتداء حزام الأمان,20 JD,Unpaid
69-9726,تجاوز إشارة,40 JD,Unpaid
31-7698,استخدام الهاتف,15 JD,Paid
67-7055,استخدام الهاتف,15 JD,Unpaid
48-7566,تجاوز إشارة,40 JD,Unpaid
21-3068,سرعة زائدة,30 JD,Paid
31-7523,اصطفاف مزدوج,15 JD,Unpaid
93-5338,سرعة زائدة,30 JD,Paid
94-2006,اصطفاف مزدوج,15 JD,Unpaid
39-1334,اصطفاف مزدوج,15 JD,Paid
76-3915,استخدام الهاتف,15 JD,Unpaid
90-8702,تجاوز إشارة,40 JD,Unpaid
56-6615,عدم ارتداء حزام الأمان,20 JD,Paid
82-6135,اصطفاف مزدوج,15 JD,Unpaid
27-4984,عدم ارتداء حزام الأمان,20 JD,Paid
68-3531,تجاوز إشارة,40 JD,Paid
86-4897,تجاوز إشارة,40 JD,Unpaid
10-8084,عدم ارتداء حزام الأمان,20 JD,Paid
79-4860,عدم ارتداء حزام الأمان,20 JD,Paid
50-6147,اصطفاف مزدوج,15 JD,Paid
30-8387,سرعة زائدة,30 JD,Paid
68-8833,اصطفاف مزدوج,15 JD,Paid
23-5225,اصطفاف مزدوج,15 JD,Unpaid
79-2385,اصطفاف مزدوج,15 JD,Unpaid
73-7822,استخدام الهاتف,15 JD,Paid
52-5321,تجاوز إشارة,40 JD,Paid
65-9080,عدم ارتداء حزام الأمان,20 JD,Paid
75-2053,استخدام الهاتف,15 JD,Unpaid
48-5961,عدم ارتداء حزام الأمان,20 JD,Paid
51-5033,استخدام الهاتف,15 JD,Paid
20-2035,تجاوز إشارة,40 JD,Paid
53-6802,عدم ارتداء حزام الأمان,20 JD,Paid
35-1516,عدم ارتداء حزام الأمان,20 JD,Unpaid
42-9608,استخدام الهاتف,15 JD,Paid
98-5986,استخدام الهاتف,15 JD,Paid
60-2315,تجاوز إشارة,40 JD,Unpaid
69-7623,تجاوز إشارة,40 JD,Paid
66-2855,اصطفاف مزدوج,15 JD,Unpaid
99-1817,سرعة زائدة,30 JD,Unpaid
43-1460,سرعة زائدة,30 JD,Paid
31-4076,استخدام الهاتف,15 JD,Unpaid
97-9617,استخدام الهاتف,15 JD,Paid
98-8891,استخدام الهاتف,15 JD,Unpaid
23-9033,تجاوز إشارة,40 JD,Paid
66-4374,عدم ارتداء حزام الأمان,20 JD,Unpaid
55-8632,سرعة زائدة,30 JD,Unpaid
37-1165,تجاوز إشارة,40 JD,Unpaid
41-3332,عدم ارتداء حزام الأمان,20 JD,Paid
34-4565,عدم ارتداء حزام الأمان,20 JD,Paid
31-3542,استخدام الهاتف,15 JD,Unpaid
45-7359,استخدام الهاتف,15 JD,Paid
44-7109,استخدام الهاتف,15 JD,Paid
74-8336,تجاوز إشارة,40 JD,Unpaid
30-8432,اصطفاف مزدوج,15 JD,Unpaid
28-6428,اصطفاف مزدوج,15 JD,Unpaid
99-5834,استخدام الهاتف,15 JD,Paid
66-8451,اصطفاف مزدوج,15 JD,Paid
81-9036,سرعة زائدة,30 JD,Unpaid
52-6334,استخدام الهاتف,15 JD,Paid
36-5940,تجاوز إشارة,40 JD,Unpaid
90-9678,سرعة زائدة,30 JD,Paid
19-6615,عدم ارتداء حزام الأمان,20 JD,Unpaid
92-2508,استخدام الهاتف,15 JD,Paid
84-4979,تجاوز إشارة,40 JD,Paid
35-4330,عدم ارتداء حزام الأمان,20 JD,Paid
32-3038,اصطفاف مزدوج,15 JD,Paid
24-1356,عدم ارتداء حزام الأمان,20 JD,Paid
27-2138,سرعة زائدة,30 JD,Unpaid
56-8335,سرعة زائدة,30 JD,Unpaid
33-5174,عدم ارتداء حزام الأمان,20 JD,Paid
23-7296,استخدام الهاتف,15 JD,Paid
40-9604,استخدام الهاتف,15 JD,Paid
44-5103,سرعة زائدة,30 JD,Unpaid
36-9759,سرعة زائدة,30 JD,Unpaid
81-4370,سرعة زائدة,30 JD,Paid
78-9048,سرعة زائدة,30 JD,Paid
20-7612,سرعة زائدة,30 JD,Paid
94-2931,استخدام الهاتف,15 JD,Paid
98-6605,تجاوز إشارة,40 JD,Paid
79-4358,استخدام الهاتف,15 JD,Paid
97-2454,استخدام الهاتف,15 JD,Unpaid
33-4612,اصطفاف مزدوج,15 JD,Paid
68-6595,تجاوز إشارة,40 JD,Paid
16-6454,تجاوز إشارة,40 JD,Paid
46-1629,عدم ارتداء حزام الأمان,20 JD,Paid
86-7492,عدم ارتداء حزام الأمان,20 JD,Unpaid
83-8048,استخدام الهاتف,15 JD,Unpaid
93-8764,تجاوز إشارة,40 JD,Unpaid
36-8149,عدم ارتداء حزام الأمان,20 JD,Paid
44-9750,استخدام الهاتف,15 JD,Paid
83-4249,سرعة زائدة,30 JD,Paid
64-5736,استخدام الهاتف,15 JD,Paid
62-7670,عدم ارتداء حزام الأمان,20 JD,Unpaid
91-3702,تجاوز إشارة,40 JD,Unpaid
50-1190,تجاوز إشارة,40 JD,Paid
78-7671,اصطفاف مزدوج,15 JD,Unpaid
97-1994,عدم ارتداء حزام الأمان,20 JD,Unpaid
25-6052,اصطفاف مزدوج,15 JD,Paid
29-2793,اصطفاف مزدوج,15 JD,Unpaid
10-2050,تجاوز إشارة,40 JD,Unpaid
52-1240,سرعة زائدة,30 JD,Paid
66-4590,عدم ارتداء حزام الأمان,20 JD,Unpaid
88-3146,استخدام الهاتف,15 JD,Unpaid
74-6450,اصطفاف مزدوج,15 JD,Paid
14-2159,اصطفاف مزدوج,15 JD,Unpaid
19-6867,عدم ارتداء حزام الأمان,20 JD,Unpaid
92-5696,اصطفاف مزدوج,15 JD,Unpaid
35-9434,سرعة زائدة,30 JD,Unpaid
26-6640,استخدام الهاتف,15 JD,Unpaid
49-1286,استخدام الهاتف,15 JD,Paid
84-1787,اصطفاف مزدوج,15 JD,Unpaid
62-7865,عدم ارتداء حزام الأمان,20 JD,Paid
89-4448,تجاوز إشارة,40 JD,Paid
62-4347,سرعة زائدة,30 JD,Paid
47-3708,اصطفاف مزدوج,15 JD,Unpaid
43-8206,عدم ارتداء حزام الأمان,20 JD,Unpaid
47-7325,عدم ارتداء حزام الأمان,20 JD,Paid
83-5453,تجاوز إشارة,40 JD,Unpaid
93-5881,تجاوز إشارة,40 JD,Unpaid
62-2451,استخدام الهاتف,15 JD,Unpaid
46-5238,عدم ارتداء حزام الأمان,20 JD,Unpaid
58-2172,سرعة زائدة,30 JD,Unpaid
22-1923,تجاوز إشارة,40 JD,Unpaid
97-2480,سرعة زائدة,30 JD,Paid
99-7514,تجاوز إشارة,40 JD,Paid
70-1108,سرعة زائدة,30 JD,Unpaid
69-3194,تجاوز إشارة,40 JD,Unpaid
33-8800,سرعة زائدة,30 JD,Paid
59-6374,استخدام الهاتف,15 JD,Unpaid
62-4686,عدم ارتداء حزام الأمان,20 JD,Unpaid
95-3793,سرعة زائدة,30 JD,Paid
64-9895,عدم ارتداء حزام الأمان,20 JD,Paid
18-6351,استخدام الهاتف,15 JD,Paid
40-5432,تجاوز إشارة,40 JD,Paid
31-7197,سرعة زائدة,30 JD,Unpaid
41-8223,اصطفاف مزدوج,15 JD,Paid
28-3772,عدم ارتداء حزام الأمان,20 JD,Unpaid
73-7896,استخدام الهاتف,15 JD,Paid
72-1301,تجاوز إشارة,40 JD,Unpaid
53-4776,سرعة زائدة,30 JD,Unpaid
27-9864,استخدام الهاتف,15 JD,Unpaid
31-8986,استخدام الهاتف,15 JD,Unpaid
29-7993,اصطفاف مزدوج,15 JD,Paid
16-9801,استخدام الهاتف,15 JD,Paid
47-4180,تجاوز إشارة,40 JD,Paid
46-5623,اصطفاف مزدوج,15 JD,Paid
95-8491,اصطفاف مزدوج,15 JD,Unpaid
45-8112,عدم ارتداء حزام الأمان,20 JD,Unpaid
92-6792,عدم ارتداء حزام الأمان,20 JD,Paid
35-9731,اصطفاف مزدوج,15 JD,Paid
86-3734,سرعة زائدة,30 JD,Unpaid
56-7821,عدم ارتداء حزام الأمان,20 JD,Paid
59-4766,سرعة زائدة,30 JD,Paid
53-6249,عدم ارتداء حزام الأمان,20 JD,Paid
69-3940,تجاوز إشارة,40 JD,Unpaid
60-9685,اصطفاف مزدوج,15 JD,Unpaid
51-3042,تجاوز إشارة,40 JD,Unpaid
22-1078,عدم ارتداء حزام الأمان,20 JD,Unpaid
29-6639,استخدام الهاتف,15 JD,Unpaid
21-7379,عدم ارتداء حزام الأمان,20 JD,Unpaid
65-8116,عدم ارتداء حزام الأمان,20 JD,Unpaid
11-5240,سرعة زائدة,30 JD,Paid
13-1470,سرعة زائدة,30 JD,Unpaid
18-4365,استخدام الهاتف,15 JD,Unpaid
45-8097,اصطفاف مزدوج,15 JD,Paid
82-2612,تجاوز إشارة,40 JD,Unpaid
28-9919,تجاوز إشارة,40 JD,Unpaid
87-3414,تجاوز إشارة,40 JD,Unpaid
15-5872,تجاوز إشارة,40 JD,Paid
69-2538,عدم ارتداء حزام الأمان,20 JD,Unpaid
68-7423,استخدام الهاتف,15 JD,Paid
95-6263,تجاوز إشارة,40 JD,Paid
24-4928,اصطفاف مزدوج,15 JD,Paid
18-1598,استخدام الهاتف,15 JD,Unpaid
63-9763,سرعة زائدة,30 JD,Paid
73-5156,سرعة زائدة,30 JD,Unpaid
81-6235,اصطفاف مزدوج,15 JD,Paid
53-6164,اصطفاف مزدوج,15 JD,Paid
78-7586,سرعة زائدة,30 JD,Unpaid
24-4076,اصطفاف مزدوج,15 JD,Paid
85-4119,تجاوز إشارة,40 JD,Paid
11-7664,تجاوز إشارة,40 JD,Paid
97-6196,استخدام الهاتف,15 JD,Paid
97-4217,سرعة زائدة,30 JD,Unpaid
14-7970,عدم ارتداء حزام الأمان,20 JD,Unpaid
91-7453,اصطفاف مزدوج,15 JD,Unpaid
86-3638,استخدام الهاتف,15 JD,Paid
11-1035,اصطفاف مزدوج,15 JD,Paid
78-5821,استخدام الهاتف,15 JD,Paid
58-2707,عدم ارتداء حزام الأمان,20 JD,Unpaid
15-2417,استخدام الهاتف,15 JD,Unpaid
24-4459,استخدام الهاتف,15 JD,Unpaid
74-9759,استخدام الهاتف,15 JD,Unpaid
68-5253,عدم ارتداء حزام الأمان,20 JD,Paid
56-9088,عدم ارتداء حزام الأمان,20 JD,Unpaid
96-4943,استخدام الهاتف,15 JD,Unpaid
99-4833,استخدام الهاتف,15 JD,Paid
23-9461,عدم ارتداء حزام الأمان,20 JD,Unpaid
46-3512,استخدام الهاتف,15 JD,Unpaid
60-7815,عدم ارتداء حزام الأمان,20 JD,Unpaid
44-7806,تجاوز إشارة,40 JD,Paid
36-4665,سرعة زائدة,30 JD,Unpaid
58-4204,سرعة زائدة,30 JD,Paid
90-1354,سرعة زائدة,30 JD,Paid
56-1144,سرعة زائدة,30 JD,Paid
63-2758,تجاوز إشارة,40 JD,Unpaid
55-3833,تجاوز إشارة,40 JD,Unpaid
86-3106,عدم ارتداء حزام الأمان,20 JD,Unpaid
89-2657,سرعة زائدة,30 JD,Unpaid
74-5920,استخدام الهاتف,15 JD,Paid
10-3729,تجاوز إشارة,40 JD,Unpaid
87-7229,اصطفاف مزدوج,15 JD,Unpaid
49-6220,استخدام الهاتف,15 JD,Unpaid
49-9754,اصطفاف مزدوج,15 JD,Paid
43-4450,استخدام الهاتف,15 JD,Unpaid
35-1071,سرعة زائدة,30 JD,Paid
94-2761,تجاوز إشارة,40 JD,Paid
55-9848,عدم ارتداء حزام الأمان,20 JD,Paid
95-2792,استخدام الهاتف,15 JD,Paid
30-3634,تجاوز إشارة,40 JD,Unpaid
26-8588,عدم ارتداء حزام الأمان,20 JD,Unpaid
36-2375,تجاوز إشارة,40 JD,Paid
32-3412,عدم ارتداء حزام الأمان,20 JD,Paid
53-9632,تجاوز إشارة,40 JD,Paid
34-3999,تجاوز إشارة,40 JD,Unpaid
56-1386,استخدام الهاتف,15 JD,Paid
51-1135,سرعة زائدة,30 JD,Unpaid
41-8861,سرعة زائدة,30 JD,Paid
20-6784,سرعة زائدة,30 JD,Unpaid
42-9678,استخدام الهاتف,15 JD,Unpaid
82-7962,اصطفاف مزدوج,15 JD,Paid
20-2482,عدم ارتداء حزام الأمان,20 JD,Unpaid
69-9074,استخدام الهاتف,15 JD,Paid
19-5454,اصطفاف مزدوج,15 JD,Paid
21-3360,استخدام الهاتف,15 JD,Unpaid
54-8564,استخدام الهاتف,15 JD,Unpaid
51-1450,اصطفاف مزدوج,15 JD,Paid
65-6962,استخدام الهاتف,15 JD,Unpaid
69-6135,استخدام الهاتف,15 JD,Unpaid
92-4480,استخدام الهاتف,15 JD,Unpaid
34-4900,سرعة زائدة,30 JD,Unpaid
65-5651,تجاوز إشارة,40 JD,Unpaid
14-7321,استخدام الهاتف,15 JD,Unpaid
56-3588,اصطفاف مزدوج,15 JD,Unpaid
18-9825,تجاوز إشارة,40 JD,Unpaid
40-1662,اصطفاف مزدوج,15 JD,Unpaid
23-2415,تجاوز إشارة,40 JD,Paid
36-9477,عدم ارتداء حزام الأمان,20 JD,Unpaid
40-5593,استخدام الهاتف,15 JD,Unpaid
57-6736,عدم ارتداء حزام الأمان,20 JD,Unpaid
96-2578,سرعة زائدة,30 JD,Paid
59-4128,اصطفاف مزدوج,15 JD,Unpaid
20-5757,استخدام الهاتف,15 JD,Paid
36-9965,عدم ارتداء حزام الأمان,20 JD,Unpaid
73-4414,تجاوز إشارة,40 JD,Unpaid
27-4471,اصطفاف مزدوج,15 JD,Paid
18-5515,اصطفاف مزدوج,15 JD,Unpaid
29-6426,اصطفاف مزدوج,15 JD,Paid
82-9697,تجاوز إشارة,40 JD,Unpaid
34-9763,اصطفاف مزدوج,15 JD,Paid
98-5098,تجاوز إشارة,40 JD,Unpaid
44-7013,تجاوز إشارة,40 JD,Paid
70-8873,عدم ارتداء حزام الأمان,20 JD,Paid
36-9884,اصطفاف مزدوج,15 JD,Paid
72-8354,سرعة زائدة,30 JD,Paid
66-7177,عدم ارتداء حزام الأمان,20 JD,Unpaid
63-4778,سرعة زائدة,30 JD,Unpaid
50-7218,استخدام الهاتف,15 JD,Unpaid
43-9307,سرعة زائدة,30 JD,Unpaid
91-9865,سرعة زائدة,30 JD,Paid
21-7922,سرعة زائدة,30 JD,Paid
94-5177,استخدام الهاتف,15 JD,Unpaid
82-2886,اصطفاف مزدوج,15 JD,Unpaid
93-6020,تجاوز إشارة,40 JD,Paid
88-1688,تجاوز إشارة,40 JD,Unpaid
52-1812,سرعة زائدة,30 JD,Paid
97-1778,تجاوز إشارة,40 JD,Unpaid
27-1658,تجاوز إشارة,40 JD,Unpaid
25-6322,سرعة زائدة,30 JD,Paid
30-8233,تجاوز إشارة,40 JD,Paid
80-1972,سرعة زائدة,30 JD,Unpaid
15-2560,سرعة زائدة,30 JD,Paid
34-3235,استخدام الهاتف,15 JD,Paid
77-3539,اصطفاف مزدوج,15 JD,Unpaid
14-6887,سرعة زائدة,30 JD,Paid
48-3834,سرعة زائدة,30 JD,Paid
52-4459,تجاوز إشارة,40 JD,Paid
55-8063,سرعة زائدة,30 JD,Paid
89-5251,استخدام الهاتف,15 JD,Unpaid
73-2881,تجاوز إشارة,40 JD,Paid
13-2339,تجاوز إشارة,40 JD,Unpaid
26-5213,استخدام الهاتف,15 JD,Unpaid
98-8357,عدم ارتداء حزام الأمان,20 JD,Paid
62-6942,عدم ارتداء حزام الأمان,20 JD,Unpaid
89-1391,سرعة زائدة,30 JD,Unpaid
79-2685,استخدام الهاتف,15 JD,Unpaid
50-8530,سرعة زائدة,30 JD,Paid
52-7889,اصطفاف مزدوج,15 JD,Unpaid
68-5403,اصطفاف مزدوج,15 JD,Unpaid
12-5723,استخدام الهاتف,15 JD,Paid
21-8828,اصطفاف مزدوج,15 JD,Paid
77-1708,تجاوز إشارة,40 JD,Paid
51-6535,استخدام الهاتف,15 JD,Unpaid
21-7003,تجاوز إشارة,40 JD,Unpaid
40-1939,سرعة زائدة,30 JD,Unpaid
36-8963,استخدام الهاتف,15 JD,Unpaid
80-6353,سرعة زائدة,30 JD,Paid
48-8566,عدم ارتداء حزام الأمان,20 JD,Paid
25-8380,عدم ارتداء حزام الأمان,20 JD,Paid
29-9033,استخدام الهاتف,15 JD,Unpaid
55-1702,تجاوز إشارة,40 JD,Unpaid
54-3430,استخدام الهاتف,15 JD,Paid
20-2975,سرعة زائدة,30 JD,Unpaid
23-5965,سرعة زائدة,30 JD,Unpaid
27-4478,اصطفاف مزدوج,15 JD,Paid
68-5359,اصطفاف مزدوج,15 JD,Paid
29-1425,استخدام الهاتف,15 JD,Paid
41-1036,استخدام الهاتف,15 JD,Paid
17-2280,تجاوز إشارة,40 JD,Paid
38-4269,تجاوز إشارة,40 JD,Unpaid
71-6726,تجاوز إشارة,40 JD,Unpaid
27-3422,اصطفاف مزدوج,15 JD,Unpaid
77-4453,سرعة زائدة,30 JD,Unpaid
22-5034,استخدام الهاتف,15 JD,Unpaid
49-3712,تجاوز إشارة,40 JD,Paid
76-6198,عدم ارتداء حزام الأمان,20 JD,Paid
89-2102,سرعة زائدة,30 JD,Paid
85-3268,استخدام الهاتف,15 JD,Unpaid
82-4456,عدم ارتداء حزام الأمان,20 JD,Unpaid
67-5219,عدم ارتداء حزام الأمان,20 JD,Unpaid
75-1481,عدم ارتداء حزام الأمان,20 JD,Unpaid
91-8098,اصطفاف مزدوج,15 JD,Paid
37-8321,استخدام الهاتف,15 JD,Unpaid
94-1311,سرعة زائدة,30 JD,Paid
22-6726,تجاوز إشارة,40 JD,Unpaid
23-9276,سرعة زائدة,30 JD,Paid
47-1707,تجاوز إشارة,40 JD,Unpaid
69-9565,سرعة زائدة,30 JD,Unpaid
28-6607,سرعة زائدة,30 JD,Paid
97-1122,عدم ارتداء حزام الأمان,20 JD,Paid
37-4529,استخدام الهاتف,15 JD,Paid
26-6718,استخدام الهاتف,15 JD,Paid
10-4512,تجاوز إشارة,40 JD,Unpaid
62-8522,تجاوز إشارة,40 JD,Paid
84-6214,سرعة زائدة,30 JD,Unpaid
21-9439,عدم ارتداء حزام الأمان,20 JD,Paid
91-9938,اصطفاف مزدوج,15 JD,Paid
31-6911,تجاوز إشارة,40 JD,Paid
68-6551,سرعة زائدة,30 JD,Unpaid
21-2118,عدم ارتداء حزام الأمان,20 JD,Paid
34-1782,استخدام الهاتف,15 JD,Unpaid
78-8992,سرعة زائدة,30 JD,Unpaid
52-6359,اصطفاف مزدوج,15 JD,Paid
68-3678,اصطفاف مزدوج,15 JD,Paid
72-2365,استخدام الهاتف,15 JD,Unpaid
41-1894,عدم ارتداء حزام الأمان,20 JD,Paid
85-5991,اصطفاف مزدوج,15 JD,Unpaid
29-3634,سرعة زائدة,30 JD,Paid
37-7444,سرعة زائدة,30 JD,Paid
17-9795,استخدام الهاتف,15 JD,Paid
87-3140,سرعة زائدة,30 JD,Paid
16-9526,تجاوز إشارة,40 JD,Unpaid
74-7018,سرعة زائدة,30 JD,Paid
18-2372,تجاوز إشارة,40 JD,Paid
14-8389,سرعة زائدة,30 JD,Paid
78-3853,سرعة زائدة,30 JD,Unpaid
35-1345,تجاوز إشارة,40 JD,Unpaid
86-1199,اصطفاف مزدوج,15 JD,Unpaid
67-8140,اصطفاف مزدوج,15 JD,Paid
82-8043,استخدام الهاتف,15 JD,Paid
24-8457,استخدام الهاتف,15 JD,Unpaid
35-3122,سرعة زائدة,30 JD,Paid
63-3949,تجاوز إشارة,40 JD,Paid
77-8125,استخدام الهاتف,15 JD,Unpaid
68-4869,تجاوز إشارة,40 JD,Paid
71-7094,تجاوز إشارة,40 JD,Unpaid
80-3848,عدم ارتداء حزام الأمان,20 JD,Unpaid
84-4885,تجاوز إشارة,40 JD,Unpaid
24-7277,اصطفاف مزدوج,15 JD,Unpaid
84-4050,استخدام الهاتف,15 JD,Unpaid
11-8484,استخدام الهاتف,15 JD,Unpaid
31-4309,اصطفاف مزدوج,15 JD,Paid
22-6953,سرعة زائدة,30 JD,Unpaid
33-5925,سرعة زائدة,30 JD,Unpaid
50-1370,استخدام الهاتف,15 JD,Paid
25-4760,سرعة زائدة,30 JD,Paid
50-4728,اصطفاف مزدوج,15 JD,Paid
18-3205,اصطفاف مزدوج,15 JD,Unpaid
42-4865,تجاوز إشارة,40 JD,Paid
91-6293,تجاوز إشارة,40 JD,Unpaid
56-6011,اصطفاف مزدوج,15 JD,Unpaid
22-6521,استخدام الهاتف,15 JD,Paid
76-2574,استخدام الهاتف,15 JD,Paid
83-3201,عدم ارتداء حزام الأمان,20 JD,Paid
90-3842,تجاوز إشارة,40 JD,Unpaid
21-2081,تجاوز إشارة,40 JD,Unpaid
39-2614,سرعة زائدة,30 JD,Paid
23-7593,تجاوز إشارة,40 JD,Unpaid
18-7153,عدم ارتداء حزام الأمان,20 JD,Unpaid
57-8654,تجاوز إشارة,40 JD,Paid
58-3289,استخدام الهاتف,15 JD,Paid
19-3092,عدم ارتداء حزام الأمان,20 JD,Paid
37-2272,استخدام الهاتف,15 JD,Paid
81-4567,عدم ارتداء حزام الأمان,20 JD,Unpaid
82-3771,سرعة زائدة,30 JD,Unpaid
77-3450,عدم ارتداء حزام الأمان,20 JD,Unpaid
99-8246,استخدام الهاتف,15 JD,Paid
97-8714,اصطفاف مزدوج,15 JD,Unpaid
90-1707,استخدام الهاتف,15 JD,Unpaid
65-2776,تجاوز إشارة,40 JD,Paid
44-8879,تجاوز إشارة,40 JD,Paid
65-3683,تجاوز إشارة,40 JD,Unpaid
29-8839,سرعة زائدة,30 JD,Unpaid
67-4350,اصطفاف مزدوج,15 JD,Unpaid
95-7658,عدم ارتداء حزام الأمان,20 JD,Unpaid
48-2157,عدم ارتداء حزام الأمان,20 JD,Unpaid
69-4136,استخدام الهاتف,15 JD,Unpaid
90-6972,اصطفاف مزدوج,15 JD,Paid
72-9583,استخدام الهاتف,15 JD,Unpaid
26-8384,عدم ارتداء حزام الأمان,20 JD,Unpaid
18-1861,عدم ارتداء حزام الأمان,20 JD,Paid
18-9642,اصطفاف مزدوج,15 JD,Paid
33-4521,اصطفاف مزدوج,15 JD,Unpaid
71-5843,عدم ارتداء حزام الأمان,20 JD,Paid
83-4852,عدم ارتداء حزام الأمان,20 JD,Unpaid
83-1655,سرعة زائدة,30 JD,Unpaid
48-4487,تجاوز إشارة,40 JD,Paid
27-9454,سرعة زائدة,30 JD,Paid
94-3249,عدم ارتداء حزام الأمان,20 JD,Paid
39-4661,تجاوز إشارة,40 JD,Paid
70-9197,تجاوز إشارة,40 JD,Paid
34-7606,عدم ارتداء حزام الأمان,20 JD,Paid
85-4500,عدم ارتداء حزام الأمان,20 JD,Unpaid
45-2480,استخدام الهاتف,15 JD,Paid
31-5004,اصطفاف مزدوج,15 JD,Unpaid
25-2758,استخدام الهاتف,15 JD,Paid
78-5747,اصطفاف مزدوج,15 JD,Paid
69-3233,اصطفاف مزدوج,15 JD,Paid
92-5341,سرعة زائدة,30 JD,Paid
99-3872,استخدام الهاتف,15 JD,Unpaid
15-6738,تجاوز إشارة,40 JD,Unpaid
86-9950,اصطفاف مزدوج,15 JD,Unpaid
48-7046,سرعة زائدة,30 JD,Unpaid
97-5960,تجاوز إشارة,40 JD,Unpaid
32-8441,عدم ارتداء حزام الأمان,20 JD,Paid
97-8837,اصطفاف مزدوج,15 JD,Unpaid
87-4773,استخدام الهاتف,15 JD,Unpaid
81-5794,سرعة زائدة,30 JD,Paid
37-9983,استخدام الهاتف,15 JD,Unpaid
39-4350,استخدام الهاتف,15 JD,Unpaid
46-8515,سرعة زائدة,30 JD,Paid
62-5150,اصطفاف مزدوج,15 JD,Paid
69-1693,استخدام الهاتف,15 JD,Paid
60-9812,عدم ارتداء حزام الأمان,20 JD,Paid
46-2391,اصطفاف مزدوج,15 JD,Paid
36-5865,سرعة زائدة,30 JD,Unpaid
83-8207,عدم ارتداء حزام الأمان,20 JD,Unpaid
75-8008,اصطفاف مزدوج,15 JD,Paid
26-2480,اصطفاف مزدوج,15 JD,Unpaid
93-2527,عدم ارتداء حزام الأمان,20 JD,Unpaid
85-8352,استخدام الهاتف,15 JD,Paid
96-6760,تجاوز إشارة,40 JD,Unpaid
83-2515,تجاوز إشارة,40 JD,Paid
71-8780,سرعة زائدة,30 JD,Unpaid
13-7799,استخدام الهاتف,15 JD,Paid
33-3696,تجاوز إشارة,40 JD,Paid
33-1699,سرعة زائدة,30 JD,Paid
44-3253,اصطفاف مزدوج,15 JD,Paid
87-2435,استخدام الهاتف,15 JD,Unpaid
31-8645,استخدام الهاتف,15 JD,Paid
69-4929,تجاوز إشارة,40 JD,Paid
22-2394,عدم ارتداء حزام الأمان,20 JD,Paid
70-3045,عدم ارتداء حزام الأمان,20 JD,Paid
32-3349,عدم ارتداء حزام الأمان,20 JD,Paid
16-2198,سرعة زائدة,30 JD,Unpaid
85-6407,سرعة زائدة,30 JD,Unpaid
47-8546,سرعة زائدة,30 JD,Paid
77-9670,عدم ارتداء حزام الأمان,20 JD,Unpaid
54-3133,تجاوز إشارة,40 JD,Unpaid
46-8352,اصطفاف مزدوج,15 JD,Unpaid
52-1261,استخدام الهاتف,15 JD,Unpaid
51-7673,سرعة زائدة,30 JD,Unpaid
54-2248,اصطفاف مزدوج,15 JD,Paid
81-3983,استخدام الهاتف,15 JD,Unpaid
32-5351,تجاوز إشارة,40 JD,Unpaid
41-3327,استخدام الهاتف,15 JD,Paid
95-1896,تجاوز إشارة,40 JD,Paid
76-9264,سرعة زائدة,30 JD,Unpaid
11-4156,اصطفاف مزدوج,15 JD,Unpaid
27-4238,اصطفاف مزدوج,15 JD,Unpaid
65-8797,عدم ارتداء حزام الأمان,20 JD,Unpaid
44-2228,استخدام الهاتف,15 JD,Unpaid
40-7649,سرعة زائدة,30 JD,Paid
72-1031,اصطفاف مزدوج,15 JD,Unpaid
44-7829,استخدام الهاتف,15 JD,Paid
74-9029,اصطفاف مزدوج,15 JD,Paid
17-2742,سرعة زائدة,30 JD,Paid
86-7610,استخدام الهاتف,15 JD,Unpaid
40-6850,استخدام الهاتف,15 JD,Paid
57-4588,تجاوز إشارة,40 JD,Unpaid
56-1227,استخدام الهاتف,15 JD,Paid
95-2968,سرعة زائدة,30 JD,Paid
99-8830,سرعة زائدة,30 JD,Paid
62-2554,اصطفاف مزدوج,15 JD,Unpaid
88-9087,سرعة زائدة,30 JD,Paid
47-1578,عدم ارتداء حزام الأمان,20 JD,Paid
25-8509,اصطفاف مزدوج,15 JD,Unpaid
20-6681,تجاوز إشارة,40 JD,Paid
82-3249,سرعة زائدة,30 JD,Paid
49-9893,عدم ارتداء حزام الأمان,20 JD,Paid
35-8432,عدم ارتداء حزام الأمان,20 JD,Paid
51-3574,اصطفاف مزدوج,15 JD,Paid
32-3610,استخدام الهاتف,15 JD,Unpaid
62-2387,استخدام الهاتف,15 JD,Unpaid
25-6290,استخدام الهاتف,15 JD,Paid
82-2626,عدم ارتداء حزام الأمان,20 JD,Unpaid
92-3846,عدم ارتداء حزام الأمان,20 JD,Unpaid
41-2272,تجاوز إشارة,40 JD,Unpaid
49-5933,عدم ارتداء حزام الأمان,20 JD,Unpaid
75-4056,تجاوز إشارة,40 JD,Unpaid
85-8484,استخدام الهاتف,15 JD,Paid
69-5817,سرعة زائدة,30 JD,Unpaid
26-8504,استخدام الهاتف,15 JD,Paid
62-5146,اصطفاف مزدوج,15 JD,Paid
86-7604,استخدام الهاتف,15 JD,Paid
10-4312,استخدام الهاتف,15 JD,Paid
50-2587,سرعة زائدة,30 JD,Unpaid
83-4166,اصطفاف مزدوج,15 JD,Unpaid
21-9756,سرعة زائدة,30 JD,Unpaid
81-4428,استخدام الهاتف,15 JD,Paid
64-8009,تجاوز إشارة,40 JD,Unpaid
89-2100,تجاوز إشارة,40 JD,Paid
87-6792,استخدام الهاتف,15 JD,Paid
24-4433,تجاوز إشارة,40 JD,Unpaid
66-4246,استخدام الهاتف,15 JD,Unpaid
45-7045,سرعة زائدة,30 JD,Unpaid
54-6646,اصطفاف مزدوج,15 JD,Paid
92-6653,سرعة زائدة,30 JD,Unpaid
72-8834,اصطفاف مزدوج,15 JD,Paid
10-7687,تجاوز إشارة,40 JD,Unpaid
13-8640,اصطفاف مزدوج,15 JD,Paid
76-3298,اصطفاف مزدوج,15 JD,Unpaid
21-7738,عدم ارتداء حزام الأمان,20 JD,Paid
52-3505,عدم ارتداء حزام الأمان,20 JD,Paid
80-6813,تجاوز إشارة,40 JD,Paid
79-3587,تجاوز إشارة,40 JD,Paid
67-7354,اصطفاف مزدوج,15 JD,Paid
13-7022,اصطفاف مزدوج,15 JD,Unpaid
76-1612,سرعة زائدة,30 JD,Paid
76-9230,اصطفاف مزدوج,15 JD,Paid
41-2274,سرعة زائدة,30 JD,Unpaid
44-4994,استخدام الهاتف,15 JD,Unpaid
83-1124,سرعة زائدة,30 JD,Unpaid
58-5143,عدم ارتداء حزام الأمان,20 JD,Paid
71-9510,سرعة زائدة,30 JD,Unpaid
31-4348,استخدام الهاتف,15 JD,Paid
51-7608,اصطفاف مزدوج,15 JD,Paid
38-3062,استخدام الهاتف,15 JD,Paid
32-1476,عدم ارتداء حزام الأمان,20 JD,Paid
52-9177,اصطفاف مزدوج,15 JD,Unpaid
85-5086,سرعة زائدة,30 JD,Paid
47-8973,عدم ارتداء حزام الأمان,20 JD,Paid
14-7308,تجاوز إشارة,40 JD,Unpaid
32-2999,عدم ارتداء حزام الأمان,20 JD,Unpaid
75-5715,اصطفاف مزدوج,15 JD,Unpaid
96-3385,اصطفاف مزدوج,15 JD,Unpaid
98-5594,عدم ارتداء حزام الأمان,20 JD,Paid
55-6147,عدم ارتداء حزام الأمان,20 JD,Unpaid
12-2268,سرعة زائدة,30 JD,Paid
22-2228,عدم ارتداء حزام الأمان,20 JD,Paid
35-7228,تجاوز إشارة,40 JD,Unpaid
29-1846,تجاوز إشارة,40 JD,Paid
58-8871,عدم ارتداء حزام الأمان,20 JD,Unpaid
77-8300,اصطفاف مزدوج,15 JD,Paid
24-2016,عدم ارتداء حزام الأمان,20 JD,Unpaid
63-4582,اصطفاف مزدوج,15 JD,Paid
99-2478,سرعة زائدة,30 JD,Unpaid
17-2830,استخدام الهاتف,15 JD,Paid
96-8521,استخدام الهاتف,15 JD,Unpaid
75-1824,اصطفاف مزدوج,15 JD,Unpaid
17-1118,اصطفاف مزدوج,15 JD,Unpaid
18-7445,سرعة زائدة,30 JD,Paid
88-7242,استخدام الهاتف,15 JD,Unpaid
89-3443,تجاوز إشارة,40 JD,Paid
96-6563,تجاوز إشارة,40 JD,Paid
57-2763,استخدام الهاتف,15 JD,Unpaid
22-9576,سرعة زائدة,30 JD,Unpaid
93-3220,تجاوز إشارة,40 JD,Paid
86-3401,عدم ارتداء حزام الأمان,20 JD,Unpaid
95-6413,استخدام الهاتف,15 JD,Paid
37-4809,سرعة زائدة,30 JD,Paid
68-1684,اصطفاف مزدوج,15 JD,Paid
34-3628,اصطفاف مزدوج,15 JD,Unpaid
30-9223,اصطفاف مزدوج,15 JD,Paid
35-4593,عدم ارتداء حزام الأمان,20 JD,Paid
64-7269,تجاوز إشارة,40 JD,Paid
62-8772,سرعة زائدة,30 JD,Unpaid
30-1174,استخدام الهاتف,15 JD,Unpaid
72-2935,سرعة زائدة,30 JD,Paid
24-9776,استخدام الهاتف,15 JD,Unpaid
95-6686,سرعة زائدة,30 JD,Paid
16-7615,استخدام الهاتف,15 JD,Paid
89-1175,تجاوز إشارة,40 JD,Paid
24-4452,اصطفاف مزدوج,15 JD,Unpaid
35-9718,تجاوز إشارة,40 JD,Unpaid
83-4287,سرعة زائدة,30 JD,Paid
27-5972,عدم ارتداء حزام الأمان,20 JD,Paid
14-5614,تجاوز إشارة,40 JD,Paid
57-3556,استخدام الهاتف,15 JD,Paid
26-6006,عدم ارتداء حزام الأمان,20 JD,Unpaid
52-6552,عدم ارتداء حزام الأمان,20 JD,Paid
38-3362,اصطفاف مزدوج,15 JD,Paid
48-8759,اصطفاف مزدوج,15 JD,Paid
70-1797,استخدام الهاتف,15 JD,Paid
28-3064,عدم ارتداء حزام الأمان,20 JD,Paid
70-4269,اصطفاف مزدوج,15 JD,Unpaid
99-5713,عدم ارتداء حزام الأمان,20 JD,Unpaid
88-7471,عدم ارتداء حزام الأمان,20 JD,Paid
17-7952,استخدام الهاتف,15 JD,Unpaid
68-4739,استخدام الهاتف,15 JD,Unpaid
36-1500,اصطفاف مزدوج,15 JD,Paid
80-8620,سرعة زائدة,30 JD,Paid
96-7484,تجاوز إشارة,40 JD,Unpaid
82-9487,سرعة زائدة,30 JD,Unpaid
25-8651,تجاوز إشارة,40 JD,Unpaid
78-8566,سرعة زائدة,30 JD,Paid
65-6537,سرعة زائدة,30 JD,Unpaid
16-5383,تجاوز إشارة,40 JD,Unpaid
49-4232,عدم ارتداء حزام الأمان,20 JD,Paid
15-1891,اصطفاف مزدوج,15 JD,Unpaid
79-3050,تجاوز إشارة,40 JD,Unpaid
93-1561,اصطفاف مزدوج,15 JD,Paid
56-3564,عدم ارتداء حزام الأمان,20 JD,Unpaid
58-7571,اصطفاف مزدوج,15 JD,Paid
72-1809,اصطفاف مزدوج,15 JD,Unpaid
24-7634,اصطفاف مزدوج,15 JD,Unpaid
72-2027,اصطفاف مزدوج,15 JD,Unpaid
55-1448,سرعة زائدة,30 JD,Unpaid
27-2588,استخدام الهاتف,15 JD,Paid
88-2902,استخدام الهاتف,15 JD,Paid
90-6874,عدم ارتداء حزام الأمان,20 JD,Paid
70-8919,تجاوز إشارة,40 JD,Paid
38-9723,استخدام الهاتف,15 JD,Unpaid
27-8384,عدم ارتداء حزام الأمان,20 JD,Paid
54-7458,تجاوز إشارة,40 JD,Paid
30-6369,عدم ارتداء حزام الأمان,20 JD,Paid
70-2887,اصطفاف مزدوج,15 JD,Unpaid
76-7020,استخدام الهاتف,15 JD,Unpaid
99-3431,سرعة زائدة,30 JD,Paid
72-8570,عدم ارتداء حزام الأمان,20 JD,Unpaid
69-4848,سرعة زائدة,30 JD,Paid
41-7805,سرعة زائدة,30 JD,Paid
78-7384,تجاوز إشارة,40 JD,Paid
15-6709,عدم ارتداء حزام الأمان,20 JD,Paid
73-3977,اصطفاف مزدوج,15 JD,Unpaid
39-2950,تجاوز إشارة,40 JD,Paid
87-9769,استخدام الهاتف,15 JD,Paid
96-9003,عدم ارتداء حزام الأمان,20 JD,Unpaid
47-7184,سرعة زائدة,30 JD,Paid
93-6866,عدم ارتداء حزام الأمان,20 JD,Unpaid
76-4609,استخدام الهاتف,15 JD,Paid
62-7492,تجاوز إشارة,40 JD,Paid
74-9251,استخدام الهاتف,15 JD,Paid
70-4646,سرعة زائدة,30 JD,Unpaid
50-4758,استخدام الهاتف,15 JD,Paid
65-9696,استخدام الهاتف,15 JD,Paid
28-9676,تجاوز إشارة,40 JD,Paid
16-5304,اصطفاف مزدوج,15 JD,Unpaid
91-7544,تجاوز إشارة,40 JD,Unpaid
34-1755,اصطفاف مزدوج,15 JD,Unpaid
82-6469,اصطفاف مزدوج,15 JD,Unpaid
61-6885,سرعة زائدة,30 JD,Paid
55-6910,استخدام الهاتف,15 JD,Unpaid
76-1053,اصطفاف مزدوج,15 JD,Paid
23-7637,سرعة زائدة,30 JD,Unpaid
63-2165,سرعة زائدة,30 JD,Unpaid
25-3029,عدم ارتداء حزام الأمان,20 JD,Unpaid
27-2809,تجاوز إشارة,40 JD,Paid
51-6492,عدم ارتداء حزام الأمان,20 JD,Paid
79-3927,اصطفاف مزدوج,15 JD,Paid
63-9201,استخدام الهاتف,15 JD,Paid
66-1148,استخدام الهاتف,15 JD,Unpaid
77-4858,اصطفاف مزدوج,15 JD,Paid
52-8739,استخدام الهاتف,15 JD,Paid
77-4920,تجاوز إشارة,40 JD,Paid
83-5287,عدم ارتداء حزام الأمان,20 JD,Paid
81-5883,سرعة زائدة,30 JD,Unpaid
92-5321,استخدام الهاتف,15 JD,Unpaid
88-4251,سرعة زائدة,30 JD,Unpaid
27-1680,سرعة زائدة,30 JD,Paid
87-5115,عدم ارتداء حزام الأمان,20 JD,Unpaid
99-1673,عدم ارتداء حزام الأمان,20 JD,Unpaid
28-9444,تجاوز إشارة,40 JD,Paid
62-7879,اصطفاف مزدوج,15 JD,Unpaid
80-1677,سرعة زائدة,30 JD,Unpaid
18-9745,استخدام الهاتف,15 JD,Unpaid
62-2272,تجاوز إشارة,40 JD,Paid
58-8562,عدم ارتداء حزام الأمان,20 JD,Paid
15-1523,تجاوز إشارة,40 JD,Paid
87-6432,سرعة زائدة,30 JD,Unpaid
44-8235,استخدام الهاتف,15 JD,Unpaid
91-3297,استخدام الهاتف,15 JD,Paid
89-1767,استخدام الهاتف,15 JD,Unpaid
15-5719,عدم ارتداء حزام الأمان,20 JD,Paid
60-3805,استخدام الهاتف,15 JD,Paid
69-5834,عدم ارتداء حزام الأمان,20 JD,Unpaid
81-3141,عدم ارتداء حزام الأمان,20 JD,Paid
45-6261,عدم ارتداء حزام الأمان,20 JD,Unpaid
35-6426,اصطفاف مزدوج,15 JD,Unpaid
90-6835,سرعة زائدة,30 JD,Paid
51-3186,سرعة زائدة,30 JD,Unpaid
90-8839,سرعة زائدة,30 JD,Paid
31-7933,اصطفاف مزدوج,15 JD,Unpaid
96-8788,اصطفاف مزدوج,15 JD,Paid
64-5944,اصطفاف مزدوج,15 JD,Unpaid
36-1977,عدم ارتداء حزام الأمان,20 JD,Unpaid
14-6431,عدم ارتداء حزام الأمان,20 JD,Paid
83-9965,اصطفاف مزدوج,15 JD,Paid
65-5338,استخدام الهاتف,15 JD,Unpaid
69-6144,اصطفاف مزدوج,15 JD,Unpaid
71-3882,سرعة زائدة,30 JD,Unpaid
39-1724,اصطفاف مزدوج,15 JD,Paid
12-2375,استخدام الهاتف,15 JD,Paid
38-8810,سرعة زائدة,30 JD,Paid
68-2012,اصطفاف مزدوج,15 JD,Paid
93-2178,سرعة زائدة,30 JD,Unpaid
91-6745,استخدام الهاتف,15 JD,Paid
72-3786,عدم ارتداء حزام الأمان,20 JD,Unpaid
87-8637,تجاوز إشارة,40 JD,Paid
51-4030,تجاوز إشارة,40 JD,Unpaid
73-8722,سرعة زائدة,30 JD,Unpaid
59-6411,اصطفاف مزدوج,15 JD,Unpaid
57-3231,تجاوز إشارة,40 JD,Paid
15-9194,تجاوز إشارة,40 JD,Unpaid
46-4564,سرعة زائدة,30 JD,Paid
68-8088,استخدام الهاتف,15 JD,Paid
59-4057,استخدام الهاتف,15 JD,Unpaid
68-4865,تجاوز إشارة,40 JD,Unpaid
45-7803,اصطفاف مزدوج,15 JD,Paid
67-2457,تجاوز إشارة,40 JD,Paid
51-4393,اصطفاف مزدوج,15 JD,Unpaid
62-1256,اصطفاف مزدوج,15 JD,Unpaid
91-5645,تجاوز إشارة,40 JD,Paid
22-2733,استخدام الهاتف,15 JD,Unpaid
48-6717,سرعة زائدة,30 JD,Unpaid
98-4199,سرعة زائدة,30 JD,Paid
17-4160,سرعة زائدة,30 JD,Paid
64-4109,استخدام الهاتف,15 JD,Unpaid
20-7570,اصطفاف مزدوج,15 JD,Paid
35-4808,استخدام الهاتف,15 JD,Unpaid
32-4382,استخدام الهاتف,15 JD,Paid
10-1947,سرعة زائدة,30 JD,Unpaid
96-4201,استخدام الهاتف,15 JD,Paid
96-5559,عدم ارتداء حزام الأمان,20 JD,Unpaid
31-6670,اصطفاف مزدوج,15 JD,Paid
10-6810,سرعة زائدة,30 JD,Unpaid
20-5962,اصطفاف مزدوج,15 JD,Unpaid
17-2885,سرعة زائدة,30 JD,Unpaid
90-9674,استخدام الهاتف,15 JD,Paid
92-5389,عدم ارتداء حزام الأمان,20 JD,Paid
97-5896,اصطفاف مزدوج,15 JD,Paid
37-1801,تجاوز إشارة,40 JD,Paid
75-5773,اصطفاف مزدوج,15 JD,Paid
64-1224,عدم ارتداء حزام الأمان,20 JD,Paid
87-3782,عدم ارتداء حزام الأمان,20 JD,Paid
11-1909,استخدام الهاتف,15 JD,Paid
25-3272,عدم ارتداء حزام الأمان,20 JD,Paid
20-6314,تجاوز إشارة,40 JD,Paid
73-6836,استخدام الهاتف,15 JD,Unpaid
93-9683,اصطفاف مزدوج,15 JD,Unpaid
87-5447,استخدام الهاتف,15 JD,Paid
36-7690,تجاوز إشارة,40 JD,Paid
35-7083,عدم ارتداء حزام الأمان,20 JD,Unpaid
46-8867,تجاوز إشارة,40 JD,Paid
93-2114,عدم ارتداء حزام الأمان,20 JD,Unpaid
77-7036,استخدام الهاتف,15 JD,Paid
87-8963,سرعة زائدة,30 JD,Paid
64-1854,اصطفاف مزدوج,15 JD,Unpaid
54-6022,عدم ارتداء حزام الأمان,20 JD,Paid
67-2736,اصطفاف مزدوج,15 JD,Unpaid
23-9935,استخدام الهاتف,15 JD,Unpaid
31-2799,تجاوز إشارة,40 JD,Unpaid
37-7259,سرعة زائدة,30 JD,Unpaid
41-4702,استخدام الهاتف,15 JD,Unpaid
10-7865,تجاوز إشارة,40 JD,Unpaid
30-6436,عدم ارتداء حزام الأمان,20 JD,Unpaid
90-6513,سرعة زائدة,30 JD,Unpaid
46-7513,تجاوز إشارة,40 JD,Paid
96-1963,اصطفاف مزدوج,15 JD,Unpaid
26-6382,سرعة زائدة,30 JD,Paid
14-5424,استخدام الهاتف,15 JD,Paid
59-6715,عدم ارتداء حزام الأمان,20 JD,Paid
31-4202,عدم ارتداء حزام الأمان,20 JD,Paid
47-3852,سرعة زائدة,30 JD,Unpaid
31-1284,اصطفاف مزدوج,15 JD,Unpaid
42-9450,تجاوز إشارة,40 JD,Paid
59-1643,تجاوز إشارة,40 JD,Unpaid
31-5647,اصطفاف مزدوج,15 JD,Unpaid
62-3413,اصطفاف مزدوج,15 JD,Unpaid
23-7612,تجاوز إشارة,40 JD,Unpaid
49-4863,سرعة زائدة,30 JD,Paid
45-5507,عدم ارتداء حزام الأمان,20 JD,Paid
35-4673,استخدام الهاتف,15 JD,Paid
66-8751,اصطفاف مزدوج,15 JD,Paid
87-6735,تجاوز إشارة,40 JD,Paid
42-3029,تجاوز إشارة,40 JD,Paid
29-3490,عدم ارتداء حزام الأمان,20 JD,Paid
67-2685,اصطفاف مزدوج,15 JD,Paid
43-4704,سرعة زائدة,30 JD,Paid
36-5251,اصطفاف مزدوج,15 JD,Paid
81-3422,تجاوز إشارة,40 JD,Paid
74-8552,تجاوز إشارة,40 JD,Unpaid
50-2437,اصطفاف مزدوج,15 JD,Paid
82-1947,اصطفاف مزدوج,15 JD,Unpaid
79-5595,استخدام الهاتف,15 JD,Paid
59-2922,استخدام الهاتف,15 JD,Unpaid
58-7908,عدم ارتداء حزام الأمان,20 JD,Unpaid
29-7673,اصطفاف مزدوج,15 JD,Unpaid
87-2142,عدم ارتداء حزام الأمان,20 JD,Unpaid
12-6699,سرعة زائدة,30 JD,Paid
55-5287,سرعة زائدة,30 JD,Paid
18-6683,استخدام الهاتف,15 JD,Unpaid
51-6406,تجاوز إشارة,40 JD,Paid
86-6472,اصطفاف مزدوج,15 JD,Paid
28-7386,تجاوز إشارة,40 JD,Paid
33-6175,اصطفاف مزدوج,15 JD,Unpaid
43-2056,تجاوز إشارة,40 JD,Unpaid
71-7855,عدم ارتداء حزام الأمان,20 JD,Paid
63-9570,عدم ارتداء حزام الأمان,20 JD,Unpaid
98-7141,عدم ارتداء حزام الأمان,20 JD,Unpaid
62-4526,تجاوز إشارة,40 JD,Paid
75-6553,عدم ارتداء حزام الأمان,20 JD,Paid
51-2716,تجاوز إشارة,40 JD,Paid
58-8333,عدم ارتداء حزام الأمان,20 JD,Unpaid
58-6962,سرعة زائدة,30 JD,Unpaid
80-6127,اصطفاف مزدوج,15 JD,Unpaid
48-5562,عدم ارتداء حزام الأمان,20 JD,Unpaid
49-1950,سرعة زائدة,30 JD,Unpaid
89-3154,سرعة زائدة,30 JD,Unpaid
41-4741,عدم ارتداء حزام الأمان,20 JD,Paid
48-9898,عدم ارتداء حزام الأمان,20 JD,Paid
68-7444,تجاوز إشارة,40 JD,Unpaid
87-2624,سرعة زائدة,30 JD,Unpaid
73-1685,تجاوز إشارة,40 JD,Unpaid
68-1780,اصطفاف مزدوج,15 JD,Unpaid
55-3470,تجاوز إشارة,40 JD,Paid
75-6628,استخدام الهاتف,15 JD,Unpaid
55-8306,اصطفاف مزدوج,15 JD,Unpaid
30-3134,تجاوز إشارة,40 JD,Paid
19-5540,استخدام الهاتف,15 JD,Unpaid
31-1223,استخدام الهاتف,15 JD,Paid
34-3315,اصطفاف مزدوج,15 JD,Unpaid
85-2138,تجاوز إشارة,40 JD,Unpaid
99-2756,عدم ارتداء حزام الأمان,20 JD,Unpaid
55-3600,سرعة زائدة,30 JD,Paid
78-6587,تجاوز إشارة,40 JD,Paid
92-3345,تجاوز إشارة,40 JD,Paid
66-4690,استخدام الهاتف,15 JD,Unpaid
85-1496,اصطفاف مزدوج,15 JD,Paid
99-6835,اصطفاف مزدوج,15 JD,Unpaid
40-6498,تجاوز إشارة,40 JD,Paid
70-7324,استخدام الهاتف,15 JD,Unpaid
74-7772,استخدام الهاتف,15 JD,Unpaid
57-1259,تجاوز إشارة,40 JD,Paid
35-8647,استخدام الهاتف,15 JD,Unpaid
48-8840,استخدام الهاتف,15 JD,Paid
11-6199,عدم ارتداء حزام الأمان,20 JD,Unpaid
59-7852,استخدام الهاتف,15 JD,Unpaid
56-1179,تجاوز إشارة,40 JD,Unpaid
68-3428,اصطفاف مزدوج,15 JD,Unpaid
67-7205,اصطفاف مزدوج,15 JD,Paid
59-3292,تجاوز إشارة,40 JD,Unpaid
56-9442,اصطفاف مزدوج,15 JD,Paid
96-2030,سرعة زائدة,30 JD,Paid
42-8918,سرعة زائدة,30 JD,Paid
29-6361,اصطفاف مزدوج,15 JD,Paid
36-2044,عدم ارتداء حزام الأمان,20 JD,Paid
81-1529,تجاوز إشارة,40 JD,Unpaid
82-7607,سرعة زائدة,30 JD,Unpaid
21-9040,تجاوز إشارة,40 JD,Unpaid
63-7047,عدم ارتداء حزام الأمان,20 JD,Paid
54-3845,سرعة زائدة,30 JD,Paid
69-2097,استخدام الهاتف,15 JD,Paid
24-2237,استخدام الهاتف,15 JD,Unpaid
51-4133,تجاوز إشارة,40 JD,Paid
72-8926,اصطفاف مزدوج,15 JD,Paid
37-3676,استخدام الهاتف,15 JD,Paid
22-7590,سرعة زائدة,30 JD,Unpaid
58-8190,استخدام الهاتف,15 JD,Unpaid
67-4451,عدم ارتداء حزام الأمان,20 JD,Paid
68-8328,اصطفاف مزدوج,15 JD,Paid
50-1041,عدم ارتداء حزام الأمان,20 JD,Unpaid
14-5916,تجاوز إشارة,40 JD,Paid
81-7993,تجاوز إشارة,40 JD,Unpaid
35-2645,سرعة زائدة,30 JD,Paid
41-4657,تجاوز إشارة,40 JD,Paid
88-8743,استخدام الهاتف,15 JD,Paid
95-6181,اصطفاف مزدوج,15 JD,Paid
56-4462,استخدام الهاتف,15 JD,Paid
48-4216,اصطفاف مزدوج,15 JD,Unpaid
61-8902,تجاوز إشارة,40 JD,Paid
52-6534,اصطفاف مزدوج,15 JD,Paid
96-2389,اصطفاف مزدوج,15 JD,Unpaid
84-6255,تجاوز إشارة,40 JD,Unpaid
93-7260,عدم ارتداء حزام الأمان,20 JD,Paid
40-6066,استخدام الهاتف,15 JD,Paid
61-1932,عدم ارتداء حزام الأمان,20 JD,Paid
71-6576,سرعة زائدة,30 JD,Paid
60-5833,تجاوز إشارة,40 JD,Unpaid
27-7851,تجاوز إشارة,40 JD,Unpaid
71-3706,سرعة زائدة,30 JD,Unpaid
57-1317,عدم ارتداء حزام الأمان,20 JD,Paid
18-5263,سرعة زائدة,30 JD,Paid
73-6013,تجاوز إشارة,40 JD,Paid
18-1885,عدم ارتداء حزام الأمان,20 JD,Unpaid
32-5400,سرعة زائدة,30 JD,Unpaid
77-4928,عدم ارتداء حزام الأمان,20 JD,Paid
19-6563,سرعة زائدة,30 JD,Unpaid
25-7518,سرعة زائدة,30 JD,Paid
65-9046,سرعة زائدة,30 JD,Paid
64-5851,سرعة زائدة,30 JD,Unpaid
45-9208,استخدام الهاتف,15 JD,Unpaid
22-6515,استخدام الهاتف,15 JD,Paid
71-9193,استخدام الهاتف,15 JD,Paid
14-2583,سرعة زائدة,30 JD,Unpaid
44-9553,عدم ارتداء حزام الأمان,20 JD,Unpaid
71-9599,تجاوز إشارة,40 JD,Unpaid
44-2186,سرعة زائدة,30 JD,Paid
48-4994,اصطفاف مزدوج,15 JD,Paid
20-6175,عدم ارتداء حزام الأمان,20 JD,Unpaid
21-5177,اصطفاف مزدوج,15 JD,Unpaid
77-5471,اصطفاف مزدوج,15 JD,Unpaid
11-1676,عدم ارتداء حزام الأمان,20 JD,Paid
76-4047,استخدام الهاتف,15 JD,Unpaid
53-9610,استخدام الهاتف,15 JD,Paid
44-6216,تجاوز إشارة,40 JD,Paid
33-6762,عدم ارتداء حزام الأمان,20 JD,Unpaid
21-9662,سرعة زائدة,30 JD,Unpaid
84-6823,اصطفاف مزدوج,15 JD,Paid
18-8614,عدم ارتداء حزام الأمان,20 JD,Unpaid
53-7787,اصطفاف مزدوج,15 JD,Unpaid
83-5723,تجاوز إشارة,40 JD,Unpaid
33-6545,اصطفاف مزدوج,15 JD,Paid
88-7148,عدم ارتداء حزام الأمان,20 JD,Paid
76-9190,اصطفاف مزدوج,15 JD,Unpaid
41-9767,تجاوز إشارة,40 JD,Paid
90-9293,استخدام الهاتف,15 JD,Paid
24-2310,تجاوز إشارة,40 JD,Paid
67-6486,عدم ارتداء حزام الأمان,20 JD,Paid
10-3347,سرعة زائدة,30 JD,Unpaid
66-8436,تجاوز إشارة,40 JD,Unpaid
24-5400,عدم ارتداء حزام الأمان,20 JD,Unpaid
68-7695,سرعة زائدة,30 JD,Unpaid
81-7474,عدم ارتداء حزام الأمان,20 JD,Paid
45-8110,عدم ارتداء حزام الأمان,20 JD,Paid
40-5747,سرعة زائدة,30 JD,Unpaid
92-5998,سرعة زائدة,30 JD,Paid
23-6654,تجاوز إشارة,40 JD,Unpaid
72-6855,تجاوز إشارة,40 JD,Unpaid
70-6342,تجاوز إشارة,40 JD,Paid
